size_mb,concurrency,source,sample,ok,latency_ms,bytes,error
1,1,local,0,1,15.5,1048576,
1,1,local,1,1,11.1,1048576,
1,1,local,2,1,6.4,1048576,
1,1,local,3,1,10.2,1048576,
1,1,local,4,1,5.8,1048576,
1,1,local,5,1,6.1,1048576,
1,1,local,6,1,6.9,1048576,
1,1,local,7,1,11.6,1048576,
1,1,local,8,1,12.7,1048576,
1,1,local,9,1,6.6,1048576,
1,1,local,10,1,6.4,1048576,
1,1,local,11,1,12.9,1048576,
1,1,local,12,1,8.3,1048576,
1,1,local,13,1,13.0,1048576,
1,1,local,14,1,6.9,1048576,
1,1,local,15,1,6.2,1048576,
1,1,local,16,1,9.7,1048576,
1,1,local,17,1,13.0,1048576,
1,1,local,18,1,7.9,1048576,
1,1,local,19,1,13.4,1048576,
1,1,local,20,1,6.7,1048576,
1,1,local,21,1,12.3,1048576,
1,1,local,22,1,9.8,1048576,
1,1,local,23,1,6.3,1048576,
1,8,local,0,1,48.4,1048576,
1,8,local,1,1,37.9,1048576,
1,8,local,2,1,39.4,1048576,
1,8,local,3,1,39.4,1048576,
1,8,local,4,1,64.3,1048576,
1,8,local,5,1,54.9,1048576,
1,8,local,6,1,53.1,1048576,
1,8,local,7,1,33.2,1048576,
1,8,local,8,1,37.8,1048576,
1,8,local,9,1,33.3,1048576,
1,8,local,10,1,37.7,1048576,
1,8,local,11,1,32.0,1048576,
1,8,local,12,1,46.9,1048576,
1,8,local,13,1,66.7,1048576,
1,8,local,14,1,46.5,1048576,
1,8,local,15,1,45.1,1048576,
1,8,local,16,1,52.2,1048576,
1,8,local,17,1,49.6,1048576,
1,8,local,18,1,42.4,1048576,
1,8,local,19,1,41.0,1048576,
1,8,local,20,1,27.5,1048576,
1,8,local,21,1,16.1,1048576,
1,8,local,22,1,14.0,1048576,
1,8,local,23,1,9.0,1048576,
1,24,local,0,1,150.2,1048576,
1,24,local,1,1,146.1,1048576,
1,24,local,2,1,119.5,1048576,
1,24,local,3,1,130.1,1048576,
1,24,local,4,1,80.5,1048576,
1,24,local,5,1,149.4,1048576,
1,24,local,6,1,112.0,1048576,
1,24,local,7,1,112.7,1048576,
1,24,local,8,1,142.1,1048576,
1,24,local,9,1,142.2,1048576,
1,24,local,10,1,137.1,1048576,
1,24,local,11,1,116.4,1048576,
1,24,local,12,1,63.4,1048576,
1,24,local,13,1,124.4,1048576,
1,24,local,14,1,116.7,1048576,
1,24,local,15,1,129.4,1048576,
1,24,local,16,1,120.1,1048576,
1,24,local,17,1,120.8,1048576,
1,24,local,18,1,110.0,1048576,
1,24,local,19,1,98.8,1048576,
1,24,local,20,1,102.2,1048576,
1,24,local,21,1,85.4,1048576,
1,24,local,22,1,86.6,1048576,
1,24,local,23,1,78.5,1048576,
1,1,remote,0,1,52.2,1048576,
1,1,remote,1,1,35.3,1048576,
1,1,remote,2,1,38.1,1048576,
1,1,remote,3,1,35.0,1048576,
1,1,remote,4,1,35.7,1048576,
1,1,remote,5,1,40.4,1048576,
1,1,remote,6,1,37.7,1048576,
1,1,remote,7,1,42.3,1048576,
1,1,remote,8,1,34.9,1048576,
1,1,remote,9,1,45.6,1048576,
1,1,remote,10,1,41.9,1048576,
1,1,remote,11,1,43.2,1048576,
1,1,remote,12,1,37.5,1048576,
1,1,remote,13,1,40.9,1048576,
1,1,remote,14,1,36.0,1048576,
1,1,remote,15,1,36.0,1048576,
1,1,remote,16,1,45.7,1048576,
1,1,remote,17,1,36.4,1048576,
1,1,remote,18,1,34.6,1048576,
1,1,remote,19,1,35.0,1048576,
1,1,remote,20,1,34.9,1048576,
1,1,remote,21,1,34.0,1048576,
1,1,remote,22,1,38.8,1048576,
1,1,remote,23,1,41.0,1048576,
1,8,remote,0,1,104.3,1048576,
1,8,remote,1,1,132.8,1048576,
1,8,remote,2,1,111.7,1048576,
1,8,remote,3,1,115.7,1048576,
1,8,remote,4,1,93.9,1048576,
1,8,remote,5,1,67.7,1048576,
1,8,remote,6,1,146.6,1048576,
1,8,remote,7,1,147.8,1048576,
1,8,remote,8,1,80.9,1048576,
1,8,remote,9,1,60.0,1048576,
1,8,remote,10,1,62.7,1048576,
1,8,remote,11,1,58.3,1048576,
1,8,remote,12,1,64.3,1048576,
1,8,remote,13,1,72.3,1048576,
1,8,remote,14,1,71.4,1048576,
1,8,remote,15,1,79.5,1048576,
1,8,remote,16,1,99.2,1048576,
1,8,remote,17,1,95.5,1048576,
1,8,remote,18,1,92.9,1048576,
1,8,remote,19,1,121.3,1048576,
1,8,remote,20,1,91.4,1048576,
1,8,remote,21,1,86.2,1048576,
1,8,remote,22,1,71.2,1048576,
1,8,remote,23,1,63.1,1048576,
1,24,remote,0,1,188.5,1048576,
1,24,remote,1,1,69.9,1048576,
1,24,remote,2,1,99.9,1048576,
1,24,remote,3,1,135.6,1048576,
1,24,remote,4,1,116.8,1048576,
1,24,remote,5,1,142.3,1048576,
1,24,remote,6,1,121.2,1048576,
1,24,remote,7,1,88.5,1048576,
1,24,remote,8,1,60.4,1048576,
1,24,remote,9,1,164.5,1048576,
1,24,remote,10,1,228.4,1048576,
1,24,remote,11,1,195.3,1048576,
1,24,remote,12,1,201.2,1048576,
1,24,remote,13,1,174.4,1048576,
1,24,remote,14,1,207.7,1048576,
1,24,remote,15,1,184.8,1048576,
1,24,remote,16,1,174.7,1048576,
1,24,remote,17,1,214.6,1048576,
1,24,remote,18,1,214.4,1048576,
1,24,remote,19,1,226.0,1048576,
1,24,remote,20,1,219.6,1048576,
1,24,remote,21,1,223.7,1048576,
1,24,remote,22,1,211.2,1048576,
1,24,remote,23,1,226.9,1048576,
10,1,local,0,1,46.0,10485760,
10,1,local,1,1,53.7,10485760,
10,1,local,2,1,70.4,10485760,
10,1,local,3,1,78.8,10485760,
10,1,local,4,1,44.0,10485760,
10,1,local,5,1,102.4,10485760,
10,1,local,6,1,61.7,10485760,
10,1,local,7,1,91.6,10485760,
10,1,local,8,1,46.4,10485760,
10,1,local,9,1,84.2,10485760,
10,1,local,10,1,49.7,10485760,
10,1,local,11,1,55.0,10485760,
10,1,local,12,1,80.5,10485760,
10,1,local,13,1,47.1,10485760,
10,1,local,14,1,49.6,10485760,
10,1,local,15,1,69.4,10485760,
10,1,local,16,1,49.1,10485760,
10,1,local,17,1,57.2,10485760,
10,1,local,18,1,71.8,10485760,
10,1,local,19,1,42.2,10485760,
10,1,local,20,1,55.2,10485760,
10,1,local,21,1,81.3,10485760,
10,1,local,22,1,48.0,10485760,
10,1,local,23,1,70.7,10485760,
10,8,local,0,1,278.5,10485760,
10,8,local,1,1,287.3,10485760,
10,8,local,2,1,201.1,10485760,
10,8,local,3,1,275.9,10485760,
10,8,local,4,1,296.6,10485760,
10,8,local,5,1,410.5,10485760,
10,8,local,6,1,321.3,10485760,
10,8,local,7,1,261.6,10485760,
10,8,local,8,1,263.2,10485760,
10,8,local,9,1,313.6,10485760,
10,8,local,10,1,260.1,10485760,
10,8,local,11,1,258.2,10485760,
10,8,local,12,1,305.9,10485760,
10,8,local,13,1,236.3,10485760,
10,8,local,14,1,274.5,10485760,
10,8,local,15,1,341.6,10485760,
10,8,local,16,1,291.4,10485760,
10,8,local,17,1,240.8,10485760,
10,8,local,18,1,268.3,10485760,
10,8,local,19,1,230.9,10485760,
10,8,local,20,1,223.9,10485760,
10,8,local,21,1,221.6,10485760,
10,8,local,22,1,190.1,10485760,
10,8,local,23,1,79.5,10485760,
10,24,local,0,1,983.4,10485760,
10,24,local,1,1,984.4,10485760,
10,24,local,2,1,951.9,10485760,
10,24,local,3,1,1006.2,10485760,
10,24,local,4,1,856.1,10485760,
10,24,local,5,1,967.8,10485760,
10,24,local,6,1,988.0,10485760,
10,24,local,7,1,953.8,10485760,
10,24,local,8,1,929.6,10485760,
10,24,local,9,1,937.1,10485760,
10,24,local,10,1,995.2,10485760,
10,24,local,11,1,976.1,10485760,
10,24,local,12,1,892.2,10485760,
10,24,local,13,1,953.7,10485760,
10,24,local,14,1,929.4,10485760,
10,24,local,15,1,948.1,10485760,
10,24,local,16,1,934.3,10485760,
10,24,local,17,1,896.7,10485760,
10,24,local,18,1,911.5,10485760,
10,24,local,19,1,848.0,10485760,
10,24,local,20,1,888.8,10485760,
10,24,local,21,1,882.6,10485760,
10,24,local,22,1,910.5,10485760,
10,24,local,23,1,778.7,10485760,
10,1,remote,0,1,242.4,10485760,
10,1,remote,1,1,243.7,10485760,
10,1,remote,2,1,223.1,10485760,
10,1,remote,3,1,250.6,10485760,
10,1,remote,4,1,217.0,10485760,
10,1,remote,5,1,218.5,10485760,
10,1,remote,6,1,205.0,10485760,
10,1,remote,7,1,224.3,10485760,
10,1,remote,8,1,214.2,10485760,
10,1,remote,9,1,230.0,10485760,
10,1,remote,10,1,197.6,10485760,
10,1,remote,11,1,221.6,10485760,
10,1,remote,12,1,222.2,10485760,
10,1,remote,13,1,218.7,10485760,
10,1,remote,14,1,218.8,10485760,
10,1,remote,15,1,191.5,10485760,
10,1,remote,16,1,214.3,10485760,
10,1,remote,17,1,211.5,10485760,
10,1,remote,18,1,249.4,10485760,
10,1,remote,19,1,222.7,10485760,
10,1,remote,20,1,228.5,10485760,
10,1,remote,21,1,218.6,10485760,
10,1,remote,22,1,229.5,10485760,
10,1,remote,23,1,264.3,10485760,
10,8,remote,0,1,602.0,10485760,
10,8,remote,1,1,557.0,10485760,
10,8,remote,2,1,579.7,10485760,
10,8,remote,3,1,499.7,10485760,
10,8,remote,4,1,548.1,10485760,
10,8,remote,5,1,501.6,10485760,
10,8,remote,6,1,620.1,10485760,
10,8,remote,7,1,550.1,10485760,
10,8,remote,8,1,452.9,10485760,
10,8,remote,9,1,450.8,10485760,
10,8,remote,10,1,492.8,10485760,
10,8,remote,11,1,499.8,10485760,
10,8,remote,12,1,500.5,10485760,
10,8,remote,13,1,483.3,10485760,
10,8,remote,14,1,497.9,10485760,
10,8,remote,15,1,489.7,10485760,
10,8,remote,16,1,463.4,10485760,
10,8,remote,17,1,476.7,10485760,
10,8,remote,18,1,498.1,10485760,
10,8,remote,19,1,544.0,10485760,
10,8,remote,20,1,513.4,10485760,
10,8,remote,21,1,537.5,10485760,
10,8,remote,22,1,508.7,10485760,
10,8,remote,23,1,528.6,10485760,
10,24,remote,0,1,1450.1,10485760,
10,24,remote,1,1,1463.8,10485760,
10,24,remote,2,1,1479.3,10485760,
10,24,remote,3,1,1408.9,10485760,
10,24,remote,4,1,1401.6,10485760,
10,24,remote,5,1,1475.5,10485760,
10,24,remote,6,1,1444.7,10485760,
10,24,remote,7,1,1482.8,10485760,
10,24,remote,8,1,1428.9,10485760,
10,24,remote,9,1,1432.4,10485760,
10,24,remote,10,1,1485.5,10485760,
10,24,remote,11,1,1425.1,10485760,
10,24,remote,12,1,1433.9,10485760,
10,24,remote,13,1,1440.7,10485760,
10,24,remote,14,1,1453.2,10485760,
10,24,remote,15,1,1476.0,10485760,
10,24,remote,16,1,1347.1,10485760,
10,24,remote,17,1,1434.1,10485760,
10,24,remote,18,1,1458.5,10485760,
10,24,remote,19,1,1439.3,10485760,
10,24,remote,20,1,1474.7,10485760,
10,24,remote,21,1,1461.2,10485760,
10,24,remote,22,1,1474.9,10485760,
10,24,remote,23,1,1419.0,10485760,
25,1,local,0,1,179.7,26214400,
25,1,local,1,1,175.2,26214400,
25,1,local,2,1,168.5,26214400,
25,1,local,3,1,129.2,26214400,
25,1,local,4,1,131.9,26214400,
25,1,local,5,1,172.5,26214400,
25,1,local,6,1,154.1,26214400,
25,1,local,7,1,205.8,26214400,
25,1,local,8,1,124.3,26214400,
25,1,local,9,1,124.6,26214400,
25,1,local,10,1,177.4,26214400,
25,1,local,11,1,178.6,26214400,
25,1,local,12,1,181.5,26214400,
25,1,local,13,1,179.0,26214400,
25,1,local,14,1,121.4,26214400,
25,1,local,15,1,209.0,26214400,
25,1,local,16,1,123.3,26214400,
25,1,local,17,1,129.8,26214400,
25,1,local,18,1,120.2,26214400,
25,1,local,19,1,138.8,26214400,
25,1,local,20,1,177.6,26214400,
25,1,local,21,1,133.8,26214400,
25,1,local,22,1,159.9,26214400,
25,1,local,23,1,191.5,26214400,
25,8,local,0,1,565.1,26214400,
25,8,local,1,1,723.2,26214400,
25,8,local,2,1,613.4,26214400,
25,8,local,3,1,763.8,26214400,
25,8,local,4,1,774.0,26214400,
25,8,local,5,1,675.9,26214400,
25,8,local,6,1,659.6,26214400,
25,8,local,7,1,797.2,26214400,
25,8,local,8,1,745.6,26214400,
25,8,local,9,1,668.7,26214400,
25,8,local,10,1,752.0,26214400,
25,8,local,11,1,845.8,26214400,
25,8,local,12,1,694.8,26214400,
25,8,local,13,1,813.8,26214400,
25,8,local,14,1,801.8,26214400,
25,8,local,15,1,678.1,26214400,
25,8,local,16,1,680.5,26214400,
25,8,local,17,1,669.9,26214400,
25,8,local,18,1,663.3,26214400,
25,8,local,19,1,683.6,26214400,
25,8,local,20,1,650.2,26214400,
25,8,local,21,1,601.4,26214400,
25,8,local,22,1,550.0,26214400,
25,8,local,23,1,539.9,26214400,
25,24,local,0,1,1947.8,26214400,
25,24,local,1,1,2034.4,26214400,
25,24,local,2,1,1978.8,26214400,
25,24,local,3,1,1916.2,26214400,
25,24,local,4,1,2039.4,26214400,
25,24,local,5,1,1813.5,26214400,
25,24,local,6,1,1906.9,26214400,
25,24,local,7,1,2019.2,26214400,
25,24,local,8,1,2018.1,26214400,
25,24,local,9,1,1991.1,26214400,
25,24,local,10,1,2002.8,26214400,
25,24,local,11,1,1950.2,26214400,
25,24,local,12,1,1979.3,26214400,
25,24,local,13,1,2005.4,26214400,
25,24,local,14,1,1950.5,26214400,
25,24,local,15,1,1971.9,26214400,
25,24,local,16,1,1934.4,26214400,
25,24,local,17,1,1926.7,26214400,
25,24,local,18,1,1862.0,26214400,
25,24,local,19,1,1853.1,26214400,
25,24,local,20,1,1884.4,26214400,
25,24,local,21,1,1854.8,26214400,
25,24,local,22,1,1813.2,26214400,
25,24,local,23,1,1901.6,26214400,
25,1,remote,0,1,536.5,26214400,
25,1,remote,1,1,488.4,26214400,
25,1,remote,2,1,485.9,26214400,
25,1,remote,3,1,449.2,26214400,
25,1,remote,4,1,459.7,26214400,
25,1,remote,5,1,454.6,26214400,
25,1,remote,6,1,458.4,26214400,
25,1,remote,7,1,454.7,26214400,
25,1,remote,8,1,464.6,26214400,
25,1,remote,9,1,453.6,26214400,
25,1,remote,10,1,506.8,26214400,
25,1,remote,11,1,425.4,26214400,
25,1,remote,12,1,435.1,26214400,
25,1,remote,13,1,492.0,26214400,
25,1,remote,14,1,502.1,26214400,
25,1,remote,15,1,515.7,26214400,
25,1,remote,16,1,493.6,26214400,
25,1,remote,17,1,474.4,26214400,
25,1,remote,18,1,479.7,26214400,
25,1,remote,19,1,466.1,26214400,
25,1,remote,20,1,458.8,26214400,
25,1,remote,21,1,421.9,26214400,
25,1,remote,22,1,436.4,26214400,
25,1,remote,23,1,435.4,26214400,
25,8,remote,0,1,1399.1,26214400,
25,8,remote,1,1,1385.1,26214400,
25,8,remote,2,1,1361.5,26214400,
25,8,remote,3,1,1329.9,26214400,
25,8,remote,4,1,1334.7,26214400,
25,8,remote,5,1,1358.2,26214400,
25,8,remote,6,1,1282.7,26214400,
25,8,remote,7,1,1311.0,26214400,
25,8,remote,8,1,1255.6,26214400,
25,8,remote,9,1,1325.6,26214400,
25,8,remote,10,1,1308.1,26214400,
25,8,remote,11,1,1318.5,26214400,
25,8,remote,12,1,1366.4,26214400,
25,8,remote,13,1,1318.6,26214400,
25,8,remote,14,1,1341.9,26214400,
25,8,remote,15,1,1334.1,26214400,
25,8,remote,16,1,1432.6,26214400,
25,8,remote,17,1,1357.9,26214400,
25,8,remote,18,1,1360.4,26214400,
25,8,remote,19,1,1372.5,26214400,
25,8,remote,20,1,1384.0,26214400,
25,8,remote,21,1,1324.5,26214400,
25,8,remote,22,1,1354.9,26214400,
25,8,remote,23,1,1379.6,26214400,
25,24,remote,0,1,3712.1,26214400,
25,24,remote,1,1,3731.0,26214400,
25,24,remote,2,1,3680.0,26214400,
25,24,remote,3,1,3738.5,26214400,
25,24,remote,4,1,3610.7,26214400,
25,24,remote,5,1,3652.8,26214400,
25,24,remote,6,1,3692.1,26214400,
25,24,remote,7,1,3460.0,26214400,
25,24,remote,8,1,3481.3,26214400,
25,24,remote,9,1,3694.8,26214400,
25,24,remote,10,1,3730.2,26214400,
25,24,remote,11,1,3671.5,26214400,
25,24,remote,12,1,3716.4,26214400,
25,24,remote,13,1,3677.7,26214400,
25,24,remote,14,1,3626.9,26214400,
25,24,remote,15,1,3575.5,26214400,
25,24,remote,16,1,3594.2,26214400,
25,24,remote,17,1,3669.5,26214400,
25,24,remote,18,1,3700.8,26214400,
25,24,remote,19,1,3614.3,26214400,
25,24,remote,20,1,3716.8,26214400,
25,24,remote,21,1,3599.6,26214400,
25,24,remote,22,1,3516.9,26214400,
25,24,remote,23,1,3666.6,26214400,
50,1,local,0,1,240.2,52428800,
50,1,local,1,1,217.6,52428800,
50,1,local,2,1,234.8,52428800,
50,1,local,3,1,226.9,52428800,
50,1,local,4,1,267.3,52428800,
50,1,local,5,1,227.5,52428800,
50,1,local,6,1,273.0,52428800,
50,1,local,7,1,253.6,52428800,
50,1,local,8,1,238.0,52428800,
50,1,local,9,1,227.1,52428800,
50,1,local,10,1,229.7,52428800,
50,1,local,11,1,236.9,52428800,
50,1,local,12,1,296.1,52428800,
50,1,local,13,1,261.8,52428800,
50,1,local,14,1,245.5,52428800,
50,1,local,15,1,225.3,52428800,
50,1,local,16,1,254.7,52428800,
50,1,local,17,1,272.6,52428800,
50,1,local,18,1,336.6,52428800,
50,1,local,19,1,357.2,52428800,
50,1,local,20,1,271.7,52428800,
50,1,local,21,1,246.7,52428800,
50,1,local,22,1,260.2,52428800,
50,1,local,23,1,278.7,52428800,
50,8,local,0,1,1634.7,52428800,
50,8,local,1,1,1348.4,52428800,
50,8,local,2,1,1706.9,52428800,
50,8,local,3,1,1549.6,52428800,
50,8,local,4,1,1324.2,52428800,
50,8,local,5,1,1534.9,52428800,
50,8,local,6,1,1476.5,52428800,
50,8,local,7,1,1571.5,52428800,
50,8,local,8,1,1424.8,52428800,
50,8,local,9,1,1091.0,52428800,
50,8,local,10,1,1526.3,52428800,
50,8,local,11,1,1217.4,52428800,
50,8,local,12,1,1264.0,52428800,
50,8,local,13,1,1199.9,52428800,
50,8,local,14,1,1063.4,52428800,
50,8,local,15,1,1507.0,52428800,
50,8,local,16,1,1149.8,52428800,
50,8,local,17,1,1224.6,52428800,
50,8,local,18,1,1100.9,52428800,
50,8,local,19,1,1207.7,52428800,
50,8,local,20,1,1025.7,52428800,
50,8,local,21,1,1128.1,52428800,
50,8,local,22,1,965.9,52428800,
50,8,local,23,1,773.7,52428800,
50,24,local,0,1,3756.8,52428800,
50,24,local,1,1,3551.2,52428800,
50,24,local,2,1,3882.5,52428800,
50,24,local,3,1,3842.1,52428800,
50,24,local,4,1,3811.9,52428800,
50,24,local,5,1,3876.9,52428800,
50,24,local,6,1,3903.6,52428800,
50,24,local,7,1,3668.4,52428800,
50,24,local,8,1,3655.3,52428800,
50,24,local,9,1,3902.5,52428800,
50,24,local,10,1,3879.9,52428800,
50,24,local,11,1,3753.5,52428800,
50,24,local,12,1,3894.4,52428800,
50,24,local,13,1,3859.3,52428800,
50,24,local,14,1,3836.5,52428800,
50,24,local,15,1,3677.1,52428800,
50,24,local,16,1,3716.5,52428800,
50,24,local,17,1,3819.5,52428800,
50,24,local,18,1,3733.1,52428800,
50,24,local,19,1,3779.3,52428800,
50,24,local,20,1,3825.4,52428800,
50,24,local,21,1,3817.7,52428800,
50,24,local,22,1,3618.5,52428800,
50,24,local,23,1,3569.0,52428800,
50,1,remote,0,1,1094.6,52428800,
50,1,remote,1,1,911.0,52428800,
50,1,remote,2,1,878.4,52428800,
50,1,remote,3,1,857.9,52428800,
50,1,remote,4,1,822.2,52428800,
50,1,remote,5,1,846.9,52428800,
50,1,remote,6,1,823.4,52428800,
50,1,remote,7,1,912.3,52428800,
50,1,remote,8,1,857.1,52428800,
50,1,remote,9,1,860.4,52428800,
50,1,remote,10,1,914.0,52428800,
50,1,remote,11,1,949.7,52428800,
50,1,remote,12,1,961.5,52428800,
50,1,remote,13,1,823.6,52428800,
50,1,remote,14,1,823.9,52428800,
50,1,remote,15,1,874.5,52428800,
50,1,remote,16,1,889.0,52428800,
50,1,remote,17,1,853.3,52428800,
50,1,remote,18,1,886.9,52428800,
50,1,remote,19,1,858.4,52428800,
50,1,remote,20,1,938.7,52428800,
50,1,remote,21,1,859.6,52428800,
50,1,remote,22,1,936.6,52428800,
50,1,remote,23,1,843.2,52428800,
50,8,remote,0,1,2619.9,52428800,
50,8,remote,1,1,2657.9,52428800,
50,8,remote,2,1,2613.9,52428800,
50,8,remote,3,1,2569.6,52428800,
50,8,remote,4,1,2653.7,52428800,
50,8,remote,5,1,2644.4,52428800,
50,8,remote,6,1,2663.2,52428800,
50,8,remote,7,1,2626.0,52428800,
50,8,remote,8,1,2467.6,52428800,
50,8,remote,9,1,2534.3,52428800,
50,8,remote,10,1,2499.4,52428800,
50,8,remote,11,1,2496.2,52428800,
50,8,remote,12,1,2521.2,52428800,
50,8,remote,13,1,2503.1,52428800,
50,8,remote,14,1,2478.6,52428800,
50,8,remote,15,1,2479.7,52428800,
50,8,remote,16,1,2776.8,52428800,
50,8,remote,17,1,2792.2,52428800,
50,8,remote,18,1,2759.6,52428800,
50,8,remote,19,1,2754.0,52428800,
50,8,remote,20,1,2732.0,52428800,
50,8,remote,21,1,2749.8,52428800,
50,8,remote,22,1,2762.1,52428800,
50,8,remote,23,1,2757.7,52428800,
50,24,remote,0,1,6968.6,52428800,
50,24,remote,1,1,7035.7,52428800,
50,24,remote,2,1,7030.8,52428800,
50,24,remote,3,1,6823.2,52428800,
50,24,remote,4,1,6970.1,52428800,
50,24,remote,5,1,7030.2,52428800,
50,24,remote,6,1,6929.6,52428800,
50,24,remote,7,1,7008.4,52428800,
50,24,remote,8,1,6802.1,52428800,
50,24,remote,9,1,6980.1,52428800,
50,24,remote,10,1,6726.5,52428800,
50,24,remote,11,1,6992.6,52428800,
50,24,remote,12,1,6957.3,52428800,
50,24,remote,13,1,6873.3,52428800,
50,24,remote,14,1,6921.2,52428800,
50,24,remote,15,1,6953.5,52428800,
50,24,remote,16,1,6959.6,52428800,
50,24,remote,17,1,6909.7,52428800,
50,24,remote,18,1,7009.1,52428800,
50,24,remote,19,1,6960.0,52428800,
50,24,remote,20,1,6981.5,52428800,
50,24,remote,21,1,6972.6,52428800,
50,24,remote,22,1,6917.3,52428800,
50,24,remote,23,1,6836.0,52428800,
