label,function,sample,latency_ms
o7p1-majority,RegisterDocument,0,2607.59
o7p1-majority,RegisterDocument,1,2622.96
o7p1-majority,RegisterDocument,2,2626.09
o7p1-majority,RegisterDocument,3,2627.39
o7p1-majority,RegisterDocument,4,2627.58
o7p1-majority,RegisterDocument,5,2630.58
o7p1-majority,RegisterDocument,6,2631.56
o7p1-majority,RegisterDocument,7,2633.38
o7p1-majority,RegisterDocument,8,2637.79
o7p1-majority,RegisterDocument,9,2639.87
o7p1-majority,RegisterDocument,10,2640.63
o7p1-majority,RegisterDocument,11,2641.07
o7p1-majority,RegisterDocument,12,2643.29
o7p1-majority,RegisterDocument,13,2644.06
o7p1-majority,RegisterDocument,14,2646.12
o7p1-majority,RegisterDocument,15,2646.52
o7p1-majority,RegisterDocument,16,2646.93
o7p1-majority,RegisterDocument,17,2646.93
o7p1-majority,RegisterDocument,18,2648.59
o7p1-majority,RegisterDocument,19,2649.18
o7p1-majority,RegisterDocument,20,2649.41
o7p1-majority,RegisterDocument,21,2649.88
o7p1-majority,RegisterDocument,22,2650.45
o7p1-majority,RegisterDocument,23,2650.77
o7p1-majority,RegisterDocument,24,2651.54
o7p1-majority,RegisterDocument,25,2652.91
o7p1-majority,RegisterDocument,26,2654.77
o7p1-majority,RegisterDocument,27,2656.86
o7p1-majority,RegisterDocument,28,2657.11
o7p1-majority,RegisterDocument,29,2657.18
o7p1-majority,RegisterDocument,30,2657.61
o7p1-majority,RegisterDocument,31,2659.38
o7p1-majority,RegisterDocument,32,2660.34
o7p1-majority,RegisterDocument,33,2660.61
o7p1-majority,RegisterDocument,34,2660.74
o7p1-majority,RegisterDocument,35,2660.88
o7p1-majority,RegisterDocument,36,2660.95
o7p1-majority,RegisterDocument,37,2661.89
o7p1-majority,RegisterDocument,38,2661.96
o7p1-majority,RegisterDocument,39,2662.85
o7p1-majority,RegisterDocument,40,2663.78
o7p1-majority,RegisterDocument,41,2664.11
o7p1-majority,RegisterDocument,42,2664.52
o7p1-majority,RegisterDocument,43,2665.64
o7p1-majority,RegisterDocument,44,2665.68
o7p1-majority,RegisterDocument,45,2666.07
o7p1-majority,RegisterDocument,46,2666.65
o7p1-majority,RegisterDocument,47,2666.77
o7p1-majority,RegisterDocument,48,2667.91
o7p1-majority,RegisterDocument,49,2668.00
o7p1-majority,RegisterDocument,50,2668.33
o7p1-majority,RegisterDocument,51,2668.48
o7p1-majority,RegisterDocument,52,2668.66
o7p1-majority,RegisterDocument,53,2669.96
o7p1-majority,RegisterDocument,54,2670.30
o7p1-majority,RegisterDocument,55,2670.51
o7p1-majority,RegisterDocument,56,2671.59
o7p1-majority,RegisterDocument,57,2672.03
o7p1-majority,RegisterDocument,58,2672.64
o7p1-majority,RegisterDocument,59,2672.74
o7p1-majority,RegisterDocument,60,2672.81
o7p1-majority,RegisterDocument,61,2673.00
o7p1-majority,RegisterDocument,62,2673.11
o7p1-majority,RegisterDocument,63,2673.13
o7p1-majority,RegisterDocument,64,2673.13
o7p1-majority,RegisterDocument,65,2673.44
o7p1-majority,RegisterDocument,66,2673.45
o7p1-majority,RegisterDocument,67,2673.47
o7p1-majority,RegisterDocument,68,2673.63
o7p1-majority,RegisterDocument,69,2673.68
o7p1-majority,RegisterDocument,70,2674.12
o7p1-majority,RegisterDocument,71,2674.14
o7p1-majority,RegisterDocument,72,2674.50
o7p1-majority,RegisterDocument,73,2674.72
o7p1-majority,RegisterDocument,74,2674.88
o7p1-majority,RegisterDocument,75,2675.10
o7p1-majority,RegisterDocument,76,2675.39
o7p1-majority,RegisterDocument,77,2675.89
o7p1-majority,RegisterDocument,78,2676.17
o7p1-majority,RegisterDocument,79,2676.33
o7p1-majority,RegisterDocument,80,2677.03
o7p1-majority,RegisterDocument,81,2677.15
o7p1-majority,RegisterDocument,82,2677.50
o7p1-majority,RegisterDocument,83,2677.64
o7p1-majority,RegisterDocument,84,2677.82
o7p1-majority,RegisterDocument,85,2678.11
o7p1-majority,RegisterDocument,86,2678.23
o7p1-majority,RegisterDocument,87,2678.26
o7p1-majority,RegisterDocument,88,2678.43
o7p1-majority,RegisterDocument,89,2678.82
o7p1-majority,RegisterDocument,90,2678.85
o7p1-majority,RegisterDocument,91,2679.16
o7p1-majority,RegisterDocument,92,2679.86
o7p1-majority,RegisterDocument,93,2679.88
o7p1-majority,RegisterDocument,94,2679.90
o7p1-majority,RegisterDocument,95,2680.04
o7p1-majority,RegisterDocument,96,2680.06
o7p1-majority,RegisterDocument,97,2680.09
o7p1-majority,RegisterDocument,98,2680.14
o7p1-majority,RegisterDocument,99,2680.53
o7p1-majority,RegisterDocument,100,2680.55
o7p1-majority,RegisterDocument,101,2680.61
o7p1-majority,RegisterDocument,102,2680.89
o7p1-majority,RegisterDocument,103,2681.43
o7p1-majority,RegisterDocument,104,2681.84
o7p1-majority,RegisterDocument,105,2681.91
o7p1-majority,RegisterDocument,106,2682.26
o7p1-majority,RegisterDocument,107,2683.12
o7p1-majority,RegisterDocument,108,2683.55
o7p1-majority,RegisterDocument,109,2683.71
o7p1-majority,RegisterDocument,110,2683.74
o7p1-majority,RegisterDocument,111,2683.80
o7p1-majority,RegisterDocument,112,2684.17
o7p1-majority,RegisterDocument,113,2684.23
o7p1-majority,RegisterDocument,114,2684.32
o7p1-majority,RegisterDocument,115,2684.42
o7p1-majority,RegisterDocument,116,2684.47
o7p1-majority,RegisterDocument,117,2684.69
o7p1-majority,RegisterDocument,118,2684.78
o7p1-majority,RegisterDocument,119,2685.06
o7p1-majority,RegisterDocument,120,2685.15
o7p1-majority,RegisterDocument,121,2685.21
o7p1-majority,RegisterDocument,122,2685.65
o7p1-majority,RegisterDocument,123,2685.78
o7p1-majority,RegisterDocument,124,2686.27
o7p1-majority,RegisterDocument,125,2686.27
o7p1-majority,RegisterDocument,126,2686.31
o7p1-majority,RegisterDocument,127,2686.60
o7p1-majority,RegisterDocument,128,2686.62
o7p1-majority,RegisterDocument,129,2686.80
o7p1-majority,RegisterDocument,130,2687.11
o7p1-majority,RegisterDocument,131,2687.33
o7p1-majority,RegisterDocument,132,2687.46
o7p1-majority,RegisterDocument,133,2688.13
o7p1-majority,RegisterDocument,134,2688.52
o7p1-majority,RegisterDocument,135,2688.57
o7p1-majority,RegisterDocument,136,2688.72
o7p1-majority,RegisterDocument,137,2688.80
o7p1-majority,RegisterDocument,138,2689.02
o7p1-majority,RegisterDocument,139,2689.26
o7p1-majority,RegisterDocument,140,2689.32
o7p1-majority,RegisterDocument,141,2689.48
o7p1-majority,RegisterDocument,142,2689.97
o7p1-majority,RegisterDocument,143,2690.31
o7p1-majority,RegisterDocument,144,2690.39
o7p1-majority,RegisterDocument,145,2690.46
o7p1-majority,RegisterDocument,146,2690.51
o7p1-majority,RegisterDocument,147,2690.58
o7p1-majority,RegisterDocument,148,2690.67
o7p1-majority,RegisterDocument,149,2690.71
o7p1-majority,RegisterDocument,150,2690.74
o7p1-majority,RegisterDocument,151,2690.82
o7p1-majority,RegisterDocument,152,2691.31
o7p1-majority,RegisterDocument,153,2691.85
o7p1-majority,RegisterDocument,154,2691.97
o7p1-majority,RegisterDocument,155,2692.06
o7p1-majority,RegisterDocument,156,2692.24
o7p1-majority,RegisterDocument,157,2692.54
o7p1-majority,RegisterDocument,158,2692.93
o7p1-majority,RegisterDocument,159,2693.23
o7p1-majority,RegisterDocument,160,2693.38
o7p1-majority,RegisterDocument,161,2694.17
o7p1-majority,RegisterDocument,162,2694.21
o7p1-majority,RegisterDocument,163,2694.53
o7p1-majority,RegisterDocument,164,2695.01
o7p1-majority,RegisterDocument,165,2695.05
o7p1-majority,RegisterDocument,166,2695.10
o7p1-majority,RegisterDocument,167,2695.26
o7p1-majority,RegisterDocument,168,2695.27
o7p1-majority,RegisterDocument,169,2695.37
o7p1-majority,RegisterDocument,170,2695.56
o7p1-majority,RegisterDocument,171,2695.56
o7p1-majority,RegisterDocument,172,2695.58
o7p1-majority,RegisterDocument,173,2696.28
o7p1-majority,RegisterDocument,174,2696.77
o7p1-majority,RegisterDocument,175,2696.88
o7p1-majority,RegisterDocument,176,2697.26
o7p1-majority,RegisterDocument,177,2697.38
o7p1-majority,RegisterDocument,178,2697.68
o7p1-majority,RegisterDocument,179,2697.71
o7p1-majority,RegisterDocument,180,2698.10
o7p1-majority,RegisterDocument,181,2698.15
o7p1-majority,RegisterDocument,182,2698.16
o7p1-majority,RegisterDocument,183,2698.48
o7p1-majority,RegisterDocument,184,2698.69
o7p1-majority,RegisterDocument,185,2698.74
o7p1-majority,RegisterDocument,186,2698.75
o7p1-majority,RegisterDocument,187,2699.45
o7p1-majority,RegisterDocument,188,2699.52
o7p1-majority,RegisterDocument,189,2699.57
o7p1-majority,RegisterDocument,190,2699.91
o7p1-majority,RegisterDocument,191,2700.27
o7p1-majority,RegisterDocument,192,2700.72
o7p1-majority,RegisterDocument,193,2700.73
o7p1-majority,RegisterDocument,194,2701.03
o7p1-majority,RegisterDocument,195,2701.09
o7p1-majority,RegisterDocument,196,2701.11
o7p1-majority,RegisterDocument,197,2701.12
o7p1-majority,RegisterDocument,198,2701.24
o7p1-majority,RegisterDocument,199,2701.30
o7p1-majority,RegisterDocument,200,2701.51
o7p1-majority,RegisterDocument,201,2701.57
o7p1-majority,RegisterDocument,202,2701.95
o7p1-majority,RegisterDocument,203,2702.17
o7p1-majority,RegisterDocument,204,2702.77
o7p1-majority,RegisterDocument,205,2702.88
o7p1-majority,RegisterDocument,206,2703.04
o7p1-majority,RegisterDocument,207,2703.23
o7p1-majority,RegisterDocument,208,2703.29
o7p1-majority,RegisterDocument,209,2703.46
o7p1-majority,RegisterDocument,210,2703.50
o7p1-majority,RegisterDocument,211,2703.82
o7p1-majority,RegisterDocument,212,2704.10
o7p1-majority,RegisterDocument,213,2704.26
o7p1-majority,RegisterDocument,214,2704.33
o7p1-majority,RegisterDocument,215,2704.34
o7p1-majority,RegisterDocument,216,2704.53
o7p1-majority,RegisterDocument,217,2704.66
o7p1-majority,RegisterDocument,218,2704.86
o7p1-majority,RegisterDocument,219,2705.05
o7p1-majority,RegisterDocument,220,2705.49
o7p1-majority,RegisterDocument,221,2705.64
o7p1-majority,RegisterDocument,222,2705.74
o7p1-majority,RegisterDocument,223,2705.78
o7p1-majority,RegisterDocument,224,2705.96
o7p1-majority,RegisterDocument,225,2706.09
o7p1-majority,RegisterDocument,226,2706.21
o7p1-majority,RegisterDocument,227,2706.31
o7p1-majority,RegisterDocument,228,2706.72
o7p1-majority,RegisterDocument,229,2706.86
o7p1-majority,RegisterDocument,230,2706.87
o7p1-majority,RegisterDocument,231,2707.20
o7p1-majority,RegisterDocument,232,2707.37
o7p1-majority,RegisterDocument,233,2707.40
o7p1-majority,RegisterDocument,234,2707.53
o7p1-majority,RegisterDocument,235,2707.79
o7p1-majority,RegisterDocument,236,2707.83
o7p1-majority,RegisterDocument,237,2707.93
o7p1-majority,RegisterDocument,238,2707.95
o7p1-majority,RegisterDocument,239,2708.01
o7p1-majority,RegisterDocument,240,2708.09
o7p1-majority,RegisterDocument,241,2708.12
o7p1-majority,RegisterDocument,242,2708.18
o7p1-majority,RegisterDocument,243,2708.22
o7p1-majority,RegisterDocument,244,2708.38
o7p1-majority,RegisterDocument,245,2708.53
o7p1-majority,RegisterDocument,246,2708.74
o7p1-majority,RegisterDocument,247,2708.79
o7p1-majority,RegisterDocument,248,2708.90
o7p1-majority,RegisterDocument,249,2709.28
o7p1-majority,RegisterDocument,250,2709.29
o7p1-majority,RegisterDocument,251,2709.44
o7p1-majority,RegisterDocument,252,2709.71
o7p1-majority,RegisterDocument,253,2709.77
o7p1-majority,RegisterDocument,254,2709.82
o7p1-majority,RegisterDocument,255,2709.89
o7p1-majority,RegisterDocument,256,2710.23
o7p1-majority,RegisterDocument,257,2710.27
o7p1-majority,RegisterDocument,258,2710.31
o7p1-majority,RegisterDocument,259,2710.40
o7p1-majority,RegisterDocument,260,2710.46
o7p1-majority,RegisterDocument,261,2710.53
o7p1-majority,RegisterDocument,262,2710.83
o7p1-majority,RegisterDocument,263,2711.15
o7p1-majority,RegisterDocument,264,2711.56
o7p1-majority,RegisterDocument,265,2711.73
o7p1-majority,RegisterDocument,266,2711.92
o7p1-majority,RegisterDocument,267,2712.04
o7p1-majority,RegisterDocument,268,2712.22
o7p1-majority,RegisterDocument,269,2712.30
o7p1-majority,RegisterDocument,270,2713.36
o7p1-majority,RegisterDocument,271,2713.43
o7p1-majority,RegisterDocument,272,2713.61
o7p1-majority,RegisterDocument,273,2713.66
o7p1-majority,RegisterDocument,274,2713.71
o7p1-majority,RegisterDocument,275,2713.82
o7p1-majority,RegisterDocument,276,2714.03
o7p1-majority,RegisterDocument,277,2714.19
o7p1-majority,RegisterDocument,278,2714.22
o7p1-majority,RegisterDocument,279,2714.36
o7p1-majority,RegisterDocument,280,2714.42
o7p1-majority,RegisterDocument,281,2714.46
o7p1-majority,RegisterDocument,282,2714.51
o7p1-majority,RegisterDocument,283,2714.53
o7p1-majority,RegisterDocument,284,2714.64
o7p1-majority,RegisterDocument,285,2714.95
o7p1-majority,RegisterDocument,286,2715.00
o7p1-majority,RegisterDocument,287,2715.00
o7p1-majority,RegisterDocument,288,2715.06
o7p1-majority,RegisterDocument,289,2715.23
o7p1-majority,RegisterDocument,290,2715.23
o7p1-majority,RegisterDocument,291,2715.29
o7p1-majority,RegisterDocument,292,2715.40
o7p1-majority,RegisterDocument,293,2715.65
o7p1-majority,RegisterDocument,294,2715.79
o7p1-majority,RegisterDocument,295,2716.02
o7p1-majority,RegisterDocument,296,2716.57
o7p1-majority,RegisterDocument,297,2716.95
o7p1-majority,RegisterDocument,298,2716.96
o7p1-majority,RegisterDocument,299,2717.09
o7p1-majority,RegisterDocument,300,2717.18
o7p1-majority,RegisterDocument,301,2717.25
o7p1-majority,RegisterDocument,302,2717.32
o7p1-majority,RegisterDocument,303,2717.54
o7p1-majority,RegisterDocument,304,2717.58
o7p1-majority,RegisterDocument,305,2718.23
o7p1-majority,RegisterDocument,306,2718.25
o7p1-majority,RegisterDocument,307,2718.52
o7p1-majority,RegisterDocument,308,2718.98
o7p1-majority,RegisterDocument,309,2719.02
o7p1-majority,RegisterDocument,310,2719.06
o7p1-majority,RegisterDocument,311,2719.13
o7p1-majority,RegisterDocument,312,2719.13
o7p1-majority,RegisterDocument,313,2719.50
o7p1-majority,RegisterDocument,314,2719.53
o7p1-majority,RegisterDocument,315,2719.63
o7p1-majority,RegisterDocument,316,2719.83
o7p1-majority,RegisterDocument,317,2720.28
o7p1-majority,RegisterDocument,318,2720.34
o7p1-majority,RegisterDocument,319,2720.36
o7p1-majority,RegisterDocument,320,2720.53
o7p1-majority,RegisterDocument,321,2720.55
o7p1-majority,RegisterDocument,322,2720.85
o7p1-majority,RegisterDocument,323,2720.88
o7p1-majority,RegisterDocument,324,2720.95
o7p1-majority,RegisterDocument,325,2721.13
o7p1-majority,RegisterDocument,326,2721.14
o7p1-majority,RegisterDocument,327,2721.38
o7p1-majority,RegisterDocument,328,2721.41
o7p1-majority,RegisterDocument,329,2721.60
o7p1-majority,RegisterDocument,330,2721.65
o7p1-majority,RegisterDocument,331,2721.73
o7p1-majority,RegisterDocument,332,2721.82
o7p1-majority,RegisterDocument,333,2721.85
o7p1-majority,RegisterDocument,334,2721.89
o7p1-majority,RegisterDocument,335,2721.94
o7p1-majority,RegisterDocument,336,2721.98
o7p1-majority,RegisterDocument,337,2722.01
o7p1-majority,RegisterDocument,338,2722.30
o7p1-majority,RegisterDocument,339,2722.50
o7p1-majority,RegisterDocument,340,2722.61
o7p1-majority,RegisterDocument,341,2722.68
o7p1-majority,RegisterDocument,342,2723.05
o7p1-majority,RegisterDocument,343,2723.12
o7p1-majority,RegisterDocument,344,2723.14
o7p1-majority,RegisterDocument,345,2723.15
o7p1-majority,RegisterDocument,346,2723.35
o7p1-majority,RegisterDocument,347,2723.43
o7p1-majority,RegisterDocument,348,2723.71
o7p1-majority,RegisterDocument,349,2723.72
o7p1-majority,RegisterDocument,350,2723.76
o7p1-majority,RegisterDocument,351,2723.94
o7p1-majority,RegisterDocument,352,2724.06
o7p1-majority,RegisterDocument,353,2724.06
o7p1-majority,RegisterDocument,354,2724.13
o7p1-majority,RegisterDocument,355,2724.39
o7p1-majority,RegisterDocument,356,2724.47
o7p1-majority,RegisterDocument,357,2724.58
o7p1-majority,RegisterDocument,358,2724.67
o7p1-majority,RegisterDocument,359,2724.77
o7p1-majority,RegisterDocument,360,2724.91
o7p1-majority,RegisterDocument,361,2725.09
o7p1-majority,RegisterDocument,362,2725.18
o7p1-majority,RegisterDocument,363,2725.20
o7p1-majority,RegisterDocument,364,2725.23
o7p1-majority,RegisterDocument,365,2725.46
o7p1-majority,RegisterDocument,366,2725.87
o7p1-majority,RegisterDocument,367,2725.88
o7p1-majority,RegisterDocument,368,2725.97
o7p1-majority,RegisterDocument,369,2726.09
o7p1-majority,RegisterDocument,370,2726.25
o7p1-majority,RegisterDocument,371,2726.34
o7p1-majority,RegisterDocument,372,2726.37
o7p1-majority,RegisterDocument,373,2726.39
o7p1-majority,RegisterDocument,374,2726.65
o7p1-majority,RegisterDocument,375,2726.72
o7p1-majority,RegisterDocument,376,2726.83
o7p1-majority,RegisterDocument,377,2726.91
o7p1-majority,RegisterDocument,378,2726.99
o7p1-majority,RegisterDocument,379,2727.14
o7p1-majority,RegisterDocument,380,2727.24
o7p1-majority,RegisterDocument,381,2727.35
o7p1-majority,RegisterDocument,382,2727.46
o7p1-majority,RegisterDocument,383,2727.67
o7p1-majority,RegisterDocument,384,2727.75
o7p1-majority,RegisterDocument,385,2727.95
o7p1-majority,RegisterDocument,386,2728.04
o7p1-majority,RegisterDocument,387,2728.08
o7p1-majority,RegisterDocument,388,2728.13
o7p1-majority,RegisterDocument,389,2728.21
o7p1-majority,RegisterDocument,390,2728.22
o7p1-majority,RegisterDocument,391,2728.31
o7p1-majority,RegisterDocument,392,2728.43
o7p1-majority,RegisterDocument,393,2728.62
o7p1-majority,RegisterDocument,394,2728.98
o7p1-majority,RegisterDocument,395,2729.28
o7p1-majority,RegisterDocument,396,2729.41
o7p1-majority,RegisterDocument,397,2729.45
o7p1-majority,RegisterDocument,398,2729.53
o7p1-majority,RegisterDocument,399,2729.56
o7p1-majority,RegisterDocument,400,2729.75
o7p1-majority,RegisterDocument,401,2729.84
o7p1-majority,RegisterDocument,402,2729.91
o7p1-majority,RegisterDocument,403,2729.95
o7p1-majority,RegisterDocument,404,2730.03
o7p1-majority,RegisterDocument,405,2730.04
o7p1-majority,RegisterDocument,406,2730.09
o7p1-majority,RegisterDocument,407,2730.22
o7p1-majority,RegisterDocument,408,2730.36
o7p1-majority,RegisterDocument,409,2730.39
o7p1-majority,RegisterDocument,410,2730.43
o7p1-majority,RegisterDocument,411,2730.51
o7p1-majority,RegisterDocument,412,2730.59
o7p1-majority,RegisterDocument,413,2730.64
o7p1-majority,RegisterDocument,414,2730.77
o7p1-majority,RegisterDocument,415,2730.79
o7p1-majority,RegisterDocument,416,2731.20
o7p1-majority,RegisterDocument,417,2731.25
o7p1-majority,RegisterDocument,418,2731.26
o7p1-majority,RegisterDocument,419,2731.29
o7p1-majority,RegisterDocument,420,2731.32
o7p1-majority,RegisterDocument,421,2731.36
o7p1-majority,RegisterDocument,422,2732.13
o7p1-majority,RegisterDocument,423,2732.28
o7p1-majority,RegisterDocument,424,2732.39
o7p1-majority,RegisterDocument,425,2732.40
o7p1-majority,RegisterDocument,426,2732.55
o7p1-majority,RegisterDocument,427,2732.73
o7p1-majority,RegisterDocument,428,2732.81
o7p1-majority,RegisterDocument,429,2733.05
o7p1-majority,RegisterDocument,430,2733.06
o7p1-majority,RegisterDocument,431,2733.29
o7p1-majority,RegisterDocument,432,2733.31
o7p1-majority,RegisterDocument,433,2733.31
o7p1-majority,RegisterDocument,434,2733.32
o7p1-majority,RegisterDocument,435,2733.35
o7p1-majority,RegisterDocument,436,2733.37
o7p1-majority,RegisterDocument,437,2733.45
o7p1-majority,RegisterDocument,438,2733.52
o7p1-majority,RegisterDocument,439,2733.63
o7p1-majority,RegisterDocument,440,2733.74
o7p1-majority,RegisterDocument,441,2733.75
o7p1-majority,RegisterDocument,442,2733.94
o7p1-majority,RegisterDocument,443,2733.94
o7p1-majority,RegisterDocument,444,2734.01
o7p1-majority,RegisterDocument,445,2734.25
o7p1-majority,RegisterDocument,446,2734.39
o7p1-majority,RegisterDocument,447,2734.55
o7p1-majority,RegisterDocument,448,2734.59
o7p1-majority,RegisterDocument,449,2734.62
o7p1-majority,RegisterDocument,450,2734.65
o7p1-majority,RegisterDocument,451,2734.71
o7p1-majority,RegisterDocument,452,2734.79
o7p1-majority,RegisterDocument,453,2734.96
o7p1-majority,RegisterDocument,454,2734.97
o7p1-majority,RegisterDocument,455,2735.03
o7p1-majority,RegisterDocument,456,2735.03
o7p1-majority,RegisterDocument,457,2735.13
o7p1-majority,RegisterDocument,458,2735.34
o7p1-majority,RegisterDocument,459,2735.48
o7p1-majority,RegisterDocument,460,2735.57
o7p1-majority,RegisterDocument,461,2735.58
o7p1-majority,RegisterDocument,462,2735.62
o7p1-majority,RegisterDocument,463,2735.96
o7p1-majority,RegisterDocument,464,2736.05
o7p1-majority,RegisterDocument,465,2736.16
o7p1-majority,RegisterDocument,466,2736.22
o7p1-majority,RegisterDocument,467,2736.40
o7p1-majority,RegisterDocument,468,2736.44
o7p1-majority,RegisterDocument,469,2736.49
o7p1-majority,RegisterDocument,470,2736.51
o7p1-majority,RegisterDocument,471,2736.67
o7p1-majority,RegisterDocument,472,2736.71
o7p1-majority,RegisterDocument,473,2736.74
o7p1-majority,RegisterDocument,474,2736.75
o7p1-majority,RegisterDocument,475,2737.08
o7p1-majority,RegisterDocument,476,2737.12
o7p1-majority,RegisterDocument,477,2737.51
o7p1-majority,RegisterDocument,478,2737.53
o7p1-majority,RegisterDocument,479,2737.84
o7p1-majority,RegisterDocument,480,2738.20
o7p1-majority,RegisterDocument,481,2738.35
o7p1-majority,RegisterDocument,482,2738.47
o7p1-majority,RegisterDocument,483,2738.59
o7p1-majority,RegisterDocument,484,2738.61
o7p1-majority,RegisterDocument,485,2738.68
o7p1-majority,RegisterDocument,486,2738.70
o7p1-majority,RegisterDocument,487,2738.75
o7p1-majority,RegisterDocument,488,2738.99
o7p1-majority,RegisterDocument,489,2739.00
o7p1-majority,RegisterDocument,490,2739.10
o7p1-majority,RegisterDocument,491,2739.27
o7p1-majority,RegisterDocument,492,2739.43
o7p1-majority,RegisterDocument,493,2739.45
o7p1-majority,RegisterDocument,494,2739.74
o7p1-majority,RegisterDocument,495,2739.87
o7p1-majority,RegisterDocument,496,2739.98
o7p1-majority,RegisterDocument,497,2740.14
o7p1-majority,RegisterDocument,498,2740.19
o7p1-majority,RegisterDocument,499,2740.20
o7p1-majority,RegisterDocument,500,2740.27
o7p1-majority,RegisterDocument,501,2740.30
o7p1-majority,RegisterDocument,502,2740.37
o7p1-majority,RegisterDocument,503,2740.56
o7p1-majority,RegisterDocument,504,2740.56
o7p1-majority,RegisterDocument,505,2740.67
o7p1-majority,RegisterDocument,506,2741.16
o7p1-majority,RegisterDocument,507,2741.30
o7p1-majority,RegisterDocument,508,2741.39
o7p1-majority,RegisterDocument,509,2741.45
o7p1-majority,RegisterDocument,510,2741.52
o7p1-majority,RegisterDocument,511,2741.56
o7p1-majority,RegisterDocument,512,2741.76
o7p1-majority,RegisterDocument,513,2741.76
o7p1-majority,RegisterDocument,514,2741.90
o7p1-majority,RegisterDocument,515,2741.95
o7p1-majority,RegisterDocument,516,2741.95
o7p1-majority,RegisterDocument,517,2742.01
o7p1-majority,RegisterDocument,518,2742.01
o7p1-majority,RegisterDocument,519,2742.13
o7p1-majority,RegisterDocument,520,2742.19
o7p1-majority,RegisterDocument,521,2742.19
o7p1-majority,RegisterDocument,522,2742.25
o7p1-majority,RegisterDocument,523,2742.32
o7p1-majority,RegisterDocument,524,2742.47
o7p1-majority,RegisterDocument,525,2742.50
o7p1-majority,RegisterDocument,526,2742.71
o7p1-majority,RegisterDocument,527,2742.71
o7p1-majority,RegisterDocument,528,2742.80
o7p1-majority,RegisterDocument,529,2742.90
o7p1-majority,RegisterDocument,530,2742.94
o7p1-majority,RegisterDocument,531,2743.12
o7p1-majority,RegisterDocument,532,2743.12
o7p1-majority,RegisterDocument,533,2743.23
o7p1-majority,RegisterDocument,534,2743.24
o7p1-majority,RegisterDocument,535,2743.28
o7p1-majority,RegisterDocument,536,2743.56
o7p1-majority,RegisterDocument,537,2743.57
o7p1-majority,RegisterDocument,538,2743.59
o7p1-majority,RegisterDocument,539,2743.81
o7p1-majority,RegisterDocument,540,2743.89
o7p1-majority,RegisterDocument,541,2743.93
o7p1-majority,RegisterDocument,542,2744.02
o7p1-majority,RegisterDocument,543,2744.04
o7p1-majority,RegisterDocument,544,2744.06
o7p1-majority,RegisterDocument,545,2744.08
o7p1-majority,RegisterDocument,546,2744.15
o7p1-majority,RegisterDocument,547,2744.22
o7p1-majority,RegisterDocument,548,2744.62
o7p1-majority,RegisterDocument,549,2744.67
o7p1-majority,RegisterDocument,550,2744.71
o7p1-majority,RegisterDocument,551,2744.87
o7p1-majority,RegisterDocument,552,2744.94
o7p1-majority,RegisterDocument,553,2745.25
o7p1-majority,RegisterDocument,554,2745.62
o7p1-majority,RegisterDocument,555,2745.76
o7p1-majority,RegisterDocument,556,2746.01
o7p1-majority,RegisterDocument,557,2746.05
o7p1-majority,RegisterDocument,558,2746.07
o7p1-majority,RegisterDocument,559,2746.13
o7p1-majority,RegisterDocument,560,2746.25
o7p1-majority,RegisterDocument,561,2746.36
o7p1-majority,RegisterDocument,562,2746.52
o7p1-majority,RegisterDocument,563,2746.63
o7p1-majority,RegisterDocument,564,2746.77
o7p1-majority,RegisterDocument,565,2746.89
o7p1-majority,RegisterDocument,566,2747.06
o7p1-majority,RegisterDocument,567,2747.09
o7p1-majority,RegisterDocument,568,2747.11
o7p1-majority,RegisterDocument,569,2747.21
o7p1-majority,RegisterDocument,570,2747.39
o7p1-majority,RegisterDocument,571,2747.72
o7p1-majority,RegisterDocument,572,2747.73
o7p1-majority,RegisterDocument,573,2747.79
o7p1-majority,RegisterDocument,574,2747.81
o7p1-majority,RegisterDocument,575,2747.84
o7p1-majority,RegisterDocument,576,2747.90
o7p1-majority,RegisterDocument,577,2747.92
o7p1-majority,RegisterDocument,578,2747.95
o7p1-majority,RegisterDocument,579,2748.06
o7p1-majority,RegisterDocument,580,2748.15
o7p1-majority,RegisterDocument,581,2748.16
o7p1-majority,RegisterDocument,582,2748.20
o7p1-majority,RegisterDocument,583,2748.37
o7p1-majority,RegisterDocument,584,2748.43
o7p1-majority,RegisterDocument,585,2748.45
o7p1-majority,RegisterDocument,586,2748.45
o7p1-majority,RegisterDocument,587,2748.57
o7p1-majority,RegisterDocument,588,2748.58
o7p1-majority,RegisterDocument,589,2748.72
o7p1-majority,RegisterDocument,590,2748.75
o7p1-majority,RegisterDocument,591,2748.81
o7p1-majority,RegisterDocument,592,2748.84
o7p1-majority,RegisterDocument,593,2749.01
o7p1-majority,RegisterDocument,594,2749.02
o7p1-majority,RegisterDocument,595,2749.11
o7p1-majority,RegisterDocument,596,2749.36
o7p1-majority,RegisterDocument,597,2749.37
o7p1-majority,RegisterDocument,598,2749.46
o7p1-majority,RegisterDocument,599,2749.58
o7p1-majority,RegisterDocument,600,2749.72
o7p1-majority,RegisterDocument,601,2750.00
o7p1-majority,RegisterDocument,602,2750.22
o7p1-majority,RegisterDocument,603,2750.24
o7p1-majority,RegisterDocument,604,2750.29
o7p1-majority,RegisterDocument,605,2750.37
o7p1-majority,RegisterDocument,606,2750.54
o7p1-majority,RegisterDocument,607,2750.60
o7p1-majority,RegisterDocument,608,2750.63
o7p1-majority,RegisterDocument,609,2750.71
o7p1-majority,RegisterDocument,610,2750.73
o7p1-majority,RegisterDocument,611,2750.78
o7p1-majority,RegisterDocument,612,2750.83
o7p1-majority,RegisterDocument,613,2750.93
o7p1-majority,RegisterDocument,614,2751.34
o7p1-majority,RegisterDocument,615,2751.38
o7p1-majority,RegisterDocument,616,2751.41
o7p1-majority,RegisterDocument,617,2751.41
o7p1-majority,RegisterDocument,618,2751.53
o7p1-majority,RegisterDocument,619,2751.67
o7p1-majority,RegisterDocument,620,2751.68
o7p1-majority,RegisterDocument,621,2751.72
o7p1-majority,RegisterDocument,622,2751.88
o7p1-majority,RegisterDocument,623,2752.00
o7p1-majority,RegisterDocument,624,2752.03
o7p1-majority,RegisterDocument,625,2752.16
o7p1-majority,RegisterDocument,626,2752.21
o7p1-majority,RegisterDocument,627,2752.32
o7p1-majority,RegisterDocument,628,2752.32
o7p1-majority,RegisterDocument,629,2752.39
o7p1-majority,RegisterDocument,630,2752.53
o7p1-majority,RegisterDocument,631,2752.76
o7p1-majority,RegisterDocument,632,2752.93
o7p1-majority,RegisterDocument,633,2753.09
o7p1-majority,RegisterDocument,634,2753.17
o7p1-majority,RegisterDocument,635,2753.26
o7p1-majority,RegisterDocument,636,2753.37
o7p1-majority,RegisterDocument,637,2753.45
o7p1-majority,RegisterDocument,638,2753.49
o7p1-majority,RegisterDocument,639,2753.54
o7p1-majority,RegisterDocument,640,2753.61
o7p1-majority,RegisterDocument,641,2753.71
o7p1-majority,RegisterDocument,642,2753.71
o7p1-majority,RegisterDocument,643,2753.73
o7p1-majority,RegisterDocument,644,2753.76
o7p1-majority,RegisterDocument,645,2753.86
o7p1-majority,RegisterDocument,646,2753.89
o7p1-majority,RegisterDocument,647,2754.03
o7p1-majority,RegisterDocument,648,2754.16
o7p1-majority,RegisterDocument,649,2754.45
o7p1-majority,RegisterDocument,650,2754.61
o7p1-majority,RegisterDocument,651,2754.88
o7p1-majority,RegisterDocument,652,2754.93
o7p1-majority,RegisterDocument,653,2754.97
o7p1-majority,RegisterDocument,654,2755.17
o7p1-majority,RegisterDocument,655,2755.25
o7p1-majority,RegisterDocument,656,2755.35
o7p1-majority,RegisterDocument,657,2755.43
o7p1-majority,RegisterDocument,658,2755.46
o7p1-majority,RegisterDocument,659,2755.82
o7p1-majority,RegisterDocument,660,2755.86
o7p1-majority,RegisterDocument,661,2756.00
o7p1-majority,RegisterDocument,662,2756.05
o7p1-majority,RegisterDocument,663,2756.14
o7p1-majority,RegisterDocument,664,2756.21
o7p1-majority,RegisterDocument,665,2756.26
o7p1-majority,RegisterDocument,666,2756.27
o7p1-majority,RegisterDocument,667,2756.80
o7p1-majority,RegisterDocument,668,2756.86
o7p1-majority,RegisterDocument,669,2757.09
o7p1-majority,RegisterDocument,670,2757.15
o7p1-majority,RegisterDocument,671,2757.17
o7p1-majority,RegisterDocument,672,2757.18
o7p1-majority,RegisterDocument,673,2757.31
o7p1-majority,RegisterDocument,674,2757.32
o7p1-majority,RegisterDocument,675,2757.35
o7p1-majority,RegisterDocument,676,2757.38
o7p1-majority,RegisterDocument,677,2757.40
o7p1-majority,RegisterDocument,678,2757.64
o7p1-majority,RegisterDocument,679,2757.64
o7p1-majority,RegisterDocument,680,2758.06
o7p1-majority,RegisterDocument,681,2758.08
o7p1-majority,RegisterDocument,682,2758.10
o7p1-majority,RegisterDocument,683,2758.14
o7p1-majority,RegisterDocument,684,2758.16
o7p1-majority,RegisterDocument,685,2758.30
o7p1-majority,RegisterDocument,686,2758.35
o7p1-majority,RegisterDocument,687,2758.37
o7p1-majority,RegisterDocument,688,2758.53
o7p1-majority,RegisterDocument,689,2758.54
o7p1-majority,RegisterDocument,690,2758.56
o7p1-majority,RegisterDocument,691,2759.21
o7p1-majority,RegisterDocument,692,2759.23
o7p1-majority,RegisterDocument,693,2759.26
o7p1-majority,RegisterDocument,694,2759.44
o7p1-majority,RegisterDocument,695,2759.66
o7p1-majority,RegisterDocument,696,2759.78
o7p1-majority,RegisterDocument,697,2759.81
o7p1-majority,RegisterDocument,698,2759.90
o7p1-majority,RegisterDocument,699,2759.94
o7p1-majority,RegisterDocument,700,2760.02
o7p1-majority,RegisterDocument,701,2760.04
o7p1-majority,RegisterDocument,702,2760.09
o7p1-majority,RegisterDocument,703,2760.09
o7p1-majority,RegisterDocument,704,2760.18
o7p1-majority,RegisterDocument,705,2760.27
o7p1-majority,RegisterDocument,706,2760.28
o7p1-majority,RegisterDocument,707,2760.30
o7p1-majority,RegisterDocument,708,2760.33
o7p1-majority,RegisterDocument,709,2760.45
o7p1-majority,RegisterDocument,710,2760.46
o7p1-majority,RegisterDocument,711,2760.51
o7p1-majority,RegisterDocument,712,2760.54
o7p1-majority,RegisterDocument,713,2760.65
o7p1-majority,RegisterDocument,714,2760.76
o7p1-majority,RegisterDocument,715,2761.15
o7p1-majority,RegisterDocument,716,2761.17
o7p1-majority,RegisterDocument,717,2761.18
o7p1-majority,RegisterDocument,718,2761.25
o7p1-majority,RegisterDocument,719,2761.41
o7p1-majority,RegisterDocument,720,2761.52
o7p1-majority,RegisterDocument,721,2761.62
o7p1-majority,RegisterDocument,722,2761.63
o7p1-majority,RegisterDocument,723,2761.68
o7p1-majority,RegisterDocument,724,2761.94
o7p1-majority,RegisterDocument,725,2762.09
o7p1-majority,RegisterDocument,726,2762.50
o7p1-majority,RegisterDocument,727,2762.54
o7p1-majority,RegisterDocument,728,2762.58
o7p1-majority,RegisterDocument,729,2762.80
o7p1-majority,RegisterDocument,730,2762.83
o7p1-majority,RegisterDocument,731,2763.04
o7p1-majority,RegisterDocument,732,2763.20
o7p1-majority,RegisterDocument,733,2763.30
o7p1-majority,RegisterDocument,734,2763.37
o7p1-majority,RegisterDocument,735,2763.37
o7p1-majority,RegisterDocument,736,2763.41
o7p1-majority,RegisterDocument,737,2763.42
o7p1-majority,RegisterDocument,738,2763.65
o7p1-majority,RegisterDocument,739,2763.70
o7p1-majority,RegisterDocument,740,2763.86
o7p1-majority,RegisterDocument,741,2764.02
o7p1-majority,RegisterDocument,742,2764.06
o7p1-majority,RegisterDocument,743,2764.08
o7p1-majority,RegisterDocument,744,2764.15
o7p1-majority,RegisterDocument,745,2764.16
o7p1-majority,RegisterDocument,746,2764.21
o7p1-majority,RegisterDocument,747,2764.29
o7p1-majority,RegisterDocument,748,2764.48
o7p1-majority,RegisterDocument,749,2764.54
o7p1-majority,RegisterDocument,750,2764.59
o7p1-majority,RegisterDocument,751,2764.65
o7p1-majority,RegisterDocument,752,2764.79
o7p1-majority,RegisterDocument,753,2764.84
o7p1-majority,RegisterDocument,754,2764.86
o7p1-majority,RegisterDocument,755,2764.98
o7p1-majority,RegisterDocument,756,2765.01
o7p1-majority,RegisterDocument,757,2765.09
o7p1-majority,RegisterDocument,758,2765.13
o7p1-majority,RegisterDocument,759,2765.26
o7p1-majority,RegisterDocument,760,2765.29
o7p1-majority,RegisterDocument,761,2765.34
o7p1-majority,RegisterDocument,762,2765.45
o7p1-majority,RegisterDocument,763,2765.51
o7p1-majority,RegisterDocument,764,2765.52
o7p1-majority,RegisterDocument,765,2765.57
o7p1-majority,RegisterDocument,766,2765.60
o7p1-majority,RegisterDocument,767,2765.61
o7p1-majority,RegisterDocument,768,2765.82
o7p1-majority,RegisterDocument,769,2765.83
o7p1-majority,RegisterDocument,770,2765.85
o7p1-majority,RegisterDocument,771,2765.94
o7p1-majority,RegisterDocument,772,2765.95
o7p1-majority,RegisterDocument,773,2765.96
o7p1-majority,RegisterDocument,774,2765.99
o7p1-majority,RegisterDocument,775,2766.11
o7p1-majority,RegisterDocument,776,2766.18
o7p1-majority,RegisterDocument,777,2766.31
o7p1-majority,RegisterDocument,778,2766.33
o7p1-majority,RegisterDocument,779,2766.40
o7p1-majority,RegisterDocument,780,2766.48
o7p1-majority,RegisterDocument,781,2766.68
o7p1-majority,RegisterDocument,782,2766.86
o7p1-majority,RegisterDocument,783,2766.94
o7p1-majority,RegisterDocument,784,2767.02
o7p1-majority,RegisterDocument,785,2767.03
o7p1-majority,RegisterDocument,786,2767.07
o7p1-majority,RegisterDocument,787,2767.13
o7p1-majority,RegisterDocument,788,2767.13
o7p1-majority,RegisterDocument,789,2767.17
o7p1-majority,RegisterDocument,790,2767.30
o7p1-majority,RegisterDocument,791,2767.34
o7p1-majority,RegisterDocument,792,2767.61
o7p1-majority,RegisterDocument,793,2767.65
o7p1-majority,RegisterDocument,794,2767.69
o7p1-majority,RegisterDocument,795,2767.89
o7p1-majority,RegisterDocument,796,2767.93
o7p1-majority,RegisterDocument,797,2767.97
o7p1-majority,RegisterDocument,798,2768.19
o7p1-majority,RegisterDocument,799,2768.20
o7p1-majority,RegisterDocument,800,2768.55
o7p1-majority,RegisterDocument,801,2768.56
o7p1-majority,RegisterDocument,802,2768.71
o7p1-majority,RegisterDocument,803,2768.76
o7p1-majority,RegisterDocument,804,2768.77
o7p1-majority,RegisterDocument,805,2768.85
o7p1-majority,RegisterDocument,806,2768.87
o7p1-majority,RegisterDocument,807,2769.06
o7p1-majority,RegisterDocument,808,2769.07
o7p1-majority,RegisterDocument,809,2769.19
o7p1-majority,RegisterDocument,810,2769.19
o7p1-majority,RegisterDocument,811,2769.25
o7p1-majority,RegisterDocument,812,2769.27
o7p1-majority,RegisterDocument,813,2769.28
o7p1-majority,RegisterDocument,814,2769.31
o7p1-majority,RegisterDocument,815,2769.43
o7p1-majority,RegisterDocument,816,2769.49
o7p1-majority,RegisterDocument,817,2769.56
o7p1-majority,RegisterDocument,818,2769.67
o7p1-majority,RegisterDocument,819,2769.71
o7p1-majority,RegisterDocument,820,2769.73
o7p1-majority,RegisterDocument,821,2769.81
o7p1-majority,RegisterDocument,822,2769.86
o7p1-majority,RegisterDocument,823,2769.94
o7p1-majority,RegisterDocument,824,2770.04
o7p1-majority,RegisterDocument,825,2770.08
o7p1-majority,RegisterDocument,826,2770.10
o7p1-majority,RegisterDocument,827,2770.10
o7p1-majority,RegisterDocument,828,2770.16
o7p1-majority,RegisterDocument,829,2770.24
o7p1-majority,RegisterDocument,830,2770.26
o7p1-majority,RegisterDocument,831,2770.27
o7p1-majority,RegisterDocument,832,2770.32
o7p1-majority,RegisterDocument,833,2770.49
o7p1-majority,RegisterDocument,834,2770.54
o7p1-majority,RegisterDocument,835,2770.56
o7p1-majority,RegisterDocument,836,2770.73
o7p1-majority,RegisterDocument,837,2770.79
o7p1-majority,RegisterDocument,838,2770.79
o7p1-majority,RegisterDocument,839,2770.90
o7p1-majority,RegisterDocument,840,2771.21
o7p1-majority,RegisterDocument,841,2771.24
o7p1-majority,RegisterDocument,842,2771.30
o7p1-majority,RegisterDocument,843,2771.45
o7p1-majority,RegisterDocument,844,2771.51
o7p1-majority,RegisterDocument,845,2771.60
o7p1-majority,RegisterDocument,846,2771.67
o7p1-majority,RegisterDocument,847,2771.68
o7p1-majority,RegisterDocument,848,2771.72
o7p1-majority,RegisterDocument,849,2771.79
o7p1-majority,RegisterDocument,850,2771.80
o7p1-majority,RegisterDocument,851,2771.89
o7p1-majority,RegisterDocument,852,2771.90
o7p1-majority,RegisterDocument,853,2771.94
o7p1-majority,RegisterDocument,854,2771.96
o7p1-majority,RegisterDocument,855,2772.03
o7p1-majority,RegisterDocument,856,2772.16
o7p1-majority,RegisterDocument,857,2772.45
o7p1-majority,RegisterDocument,858,2772.49
o7p1-majority,RegisterDocument,859,2772.54
o7p1-majority,RegisterDocument,860,2772.63
o7p1-majority,RegisterDocument,861,2772.86
o7p1-majority,RegisterDocument,862,2772.93
o7p1-majority,RegisterDocument,863,2773.00
o7p1-majority,RegisterDocument,864,2773.03
o7p1-majority,RegisterDocument,865,2773.04
o7p1-majority,RegisterDocument,866,2773.08
o7p1-majority,RegisterDocument,867,2773.17
o7p1-majority,RegisterDocument,868,2773.24
o7p1-majority,RegisterDocument,869,2773.32
o7p1-majority,RegisterDocument,870,2773.44
o7p1-majority,RegisterDocument,871,2773.64
o7p1-majority,RegisterDocument,872,2773.64
o7p1-majority,RegisterDocument,873,2773.67
o7p1-majority,RegisterDocument,874,2773.72
o7p1-majority,RegisterDocument,875,2773.73
o7p1-majority,RegisterDocument,876,2773.92
o7p1-majority,RegisterDocument,877,2773.94
o7p1-majority,RegisterDocument,878,2773.98
o7p1-majority,RegisterDocument,879,2774.01
o7p1-majority,RegisterDocument,880,2774.15
o7p1-majority,RegisterDocument,881,2774.18
o7p1-majority,RegisterDocument,882,2774.20
o7p1-majority,RegisterDocument,883,2774.33
o7p1-majority,RegisterDocument,884,2774.36
o7p1-majority,RegisterDocument,885,2774.40
o7p1-majority,RegisterDocument,886,2774.45
o7p1-majority,RegisterDocument,887,2774.70
o7p1-majority,RegisterDocument,888,2774.95
o7p1-majority,RegisterDocument,889,2775.16
o7p1-majority,RegisterDocument,890,2775.26
o7p1-majority,RegisterDocument,891,2775.44
o7p1-majority,RegisterDocument,892,2775.47
o7p1-majority,RegisterDocument,893,2775.53
o7p1-majority,RegisterDocument,894,2775.53
o7p1-majority,RegisterDocument,895,2775.56
o7p1-majority,RegisterDocument,896,2775.59
o7p1-majority,RegisterDocument,897,2775.61
o7p1-majority,RegisterDocument,898,2775.61
o7p1-majority,RegisterDocument,899,2775.63
o7p1-majority,RegisterDocument,900,2775.81
o7p1-majority,RegisterDocument,901,2775.81
o7p1-majority,RegisterDocument,902,2775.86
o7p1-majority,RegisterDocument,903,2775.95
o7p1-majority,RegisterDocument,904,2776.09
o7p1-majority,RegisterDocument,905,2776.17
o7p1-majority,RegisterDocument,906,2776.37
o7p1-majority,RegisterDocument,907,2776.43
o7p1-majority,RegisterDocument,908,2776.46
o7p1-majority,RegisterDocument,909,2776.63
o7p1-majority,RegisterDocument,910,2776.63
o7p1-majority,RegisterDocument,911,2776.84
o7p1-majority,RegisterDocument,912,2776.88
o7p1-majority,RegisterDocument,913,2776.88
o7p1-majority,RegisterDocument,914,2776.91
o7p1-majority,RegisterDocument,915,2777.05
o7p1-majority,RegisterDocument,916,2777.11
o7p1-majority,RegisterDocument,917,2777.15
o7p1-majority,RegisterDocument,918,2777.31
o7p1-majority,RegisterDocument,919,2777.37
o7p1-majority,RegisterDocument,920,2777.45
o7p1-majority,RegisterDocument,921,2777.48
o7p1-majority,RegisterDocument,922,2777.63
o7p1-majority,RegisterDocument,923,2777.76
o7p1-majority,RegisterDocument,924,2778.06
o7p1-majority,RegisterDocument,925,2778.22
o7p1-majority,RegisterDocument,926,2778.26
o7p1-majority,RegisterDocument,927,2778.39
o7p1-majority,RegisterDocument,928,2778.55
o7p1-majority,RegisterDocument,929,2778.57
o7p1-majority,RegisterDocument,930,2778.63
o7p1-majority,RegisterDocument,931,2778.77
o7p1-majority,RegisterDocument,932,2778.89
o7p1-majority,RegisterDocument,933,2778.92
o7p1-majority,RegisterDocument,934,2779.04
o7p1-majority,RegisterDocument,935,2779.12
o7p1-majority,RegisterDocument,936,2779.16
o7p1-majority,RegisterDocument,937,2779.18
o7p1-majority,RegisterDocument,938,2779.21
o7p1-majority,RegisterDocument,939,2779.28
o7p1-majority,RegisterDocument,940,2779.49
o7p1-majority,RegisterDocument,941,2779.51
o7p1-majority,RegisterDocument,942,2779.52
o7p1-majority,RegisterDocument,943,2779.73
o7p1-majority,RegisterDocument,944,2779.79
o7p1-majority,RegisterDocument,945,2779.98
o7p1-majority,RegisterDocument,946,2780.06
o7p1-majority,RegisterDocument,947,2780.07
o7p1-majority,RegisterDocument,948,2780.25
o7p1-majority,RegisterDocument,949,2780.27
o7p1-majority,RegisterDocument,950,2780.34
o7p1-majority,RegisterDocument,951,2780.43
o7p1-majority,RegisterDocument,952,2780.46
o7p1-majority,RegisterDocument,953,2780.48
o7p1-majority,RegisterDocument,954,2780.65
o7p1-majority,RegisterDocument,955,2780.91
o7p1-majority,RegisterDocument,956,2780.98
o7p1-majority,RegisterDocument,957,2781.24
o7p1-majority,RegisterDocument,958,2781.35
o7p1-majority,RegisterDocument,959,2781.40
o7p1-majority,RegisterDocument,960,2781.42
o7p1-majority,RegisterDocument,961,2781.44
o7p1-majority,RegisterDocument,962,2781.50
o7p1-majority,RegisterDocument,963,2781.66
o7p1-majority,RegisterDocument,964,2781.84
o7p1-majority,RegisterDocument,965,2781.90
o7p1-majority,RegisterDocument,966,2781.91
o7p1-majority,RegisterDocument,967,2781.93
o7p1-majority,RegisterDocument,968,2781.99
o7p1-majority,RegisterDocument,969,2782.21
o7p1-majority,RegisterDocument,970,2782.25
o7p1-majority,RegisterDocument,971,2782.26
o7p1-majority,RegisterDocument,972,2782.32
o7p1-majority,RegisterDocument,973,2782.32
o7p1-majority,RegisterDocument,974,2782.33
o7p1-majority,RegisterDocument,975,2782.51
o7p1-majority,RegisterDocument,976,2782.52
o7p1-majority,RegisterDocument,977,2782.55
o7p1-majority,RegisterDocument,978,2782.59
o7p1-majority,RegisterDocument,979,2782.61
o7p1-majority,RegisterDocument,980,2782.73
o7p1-majority,RegisterDocument,981,2782.80
o7p1-majority,RegisterDocument,982,2782.81
o7p1-majority,RegisterDocument,983,2782.83
o7p1-majority,RegisterDocument,984,2782.91
o7p1-majority,RegisterDocument,985,2782.91
o7p1-majority,RegisterDocument,986,2783.05
o7p1-majority,RegisterDocument,987,2783.23
o7p1-majority,RegisterDocument,988,2783.23
o7p1-majority,RegisterDocument,989,2783.40
o7p1-majority,RegisterDocument,990,2783.79
o7p1-majority,RegisterDocument,991,2783.87
o7p1-majority,RegisterDocument,992,2783.88
o7p1-majority,RegisterDocument,993,2783.88
o7p1-majority,RegisterDocument,994,2784.15
o7p1-majority,RegisterDocument,995,2784.29
o7p1-majority,RegisterDocument,996,2784.42
o7p1-majority,RegisterDocument,997,2784.52
o7p1-majority,RegisterDocument,998,2784.54
o7p1-majority,RegisterDocument,999,2784.75
o7p1-majority,RegisterDocument,1000,2784.75
o7p1-majority,RegisterDocument,1001,2784.76
o7p1-majority,RegisterDocument,1002,2784.81
o7p1-majority,RegisterDocument,1003,2784.88
o7p1-majority,RegisterDocument,1004,2784.99
o7p1-majority,RegisterDocument,1005,2785.00
o7p1-majority,RegisterDocument,1006,2785.01
o7p1-majority,RegisterDocument,1007,2785.01
o7p1-majority,RegisterDocument,1008,2785.05
o7p1-majority,RegisterDocument,1009,2785.10
o7p1-majority,RegisterDocument,1010,2785.36
o7p1-majority,RegisterDocument,1011,2785.38
o7p1-majority,RegisterDocument,1012,2785.42
o7p1-majority,RegisterDocument,1013,2785.48
o7p1-majority,RegisterDocument,1014,2785.53
o7p1-majority,RegisterDocument,1015,2785.95
o7p1-majority,RegisterDocument,1016,2786.06
o7p1-majority,RegisterDocument,1017,2786.12
o7p1-majority,RegisterDocument,1018,2786.12
o7p1-majority,RegisterDocument,1019,2786.14
o7p1-majority,RegisterDocument,1020,2786.27
o7p1-majority,RegisterDocument,1021,2786.30
o7p1-majority,RegisterDocument,1022,2786.39
o7p1-majority,RegisterDocument,1023,2786.55
o7p1-majority,RegisterDocument,1024,2786.61
o7p1-majority,RegisterDocument,1025,2786.69
o7p1-majority,RegisterDocument,1026,2786.72
o7p1-majority,RegisterDocument,1027,2786.78
o7p1-majority,RegisterDocument,1028,2786.82
o7p1-majority,RegisterDocument,1029,2786.91
o7p1-majority,RegisterDocument,1030,2786.95
o7p1-majority,RegisterDocument,1031,2787.07
o7p1-majority,RegisterDocument,1032,2787.11
o7p1-majority,RegisterDocument,1033,2787.15
o7p1-majority,RegisterDocument,1034,2787.22
o7p1-majority,RegisterDocument,1035,2787.31
o7p1-majority,RegisterDocument,1036,2787.39
o7p1-majority,RegisterDocument,1037,2787.43
o7p1-majority,RegisterDocument,1038,2787.45
o7p1-majority,RegisterDocument,1039,2787.48
o7p1-majority,RegisterDocument,1040,2787.60
o7p1-majority,RegisterDocument,1041,2787.66
o7p1-majority,RegisterDocument,1042,2787.73
o7p1-majority,RegisterDocument,1043,2788.09
o7p1-majority,RegisterDocument,1044,2788.19
o7p1-majority,RegisterDocument,1045,2788.33
o7p1-majority,RegisterDocument,1046,2788.43
o7p1-majority,RegisterDocument,1047,2788.57
o7p1-majority,RegisterDocument,1048,2788.74
o7p1-majority,RegisterDocument,1049,2788.75
o7p1-majority,RegisterDocument,1050,2788.82
o7p1-majority,RegisterDocument,1051,2788.86
o7p1-majority,RegisterDocument,1052,2788.90
o7p1-majority,RegisterDocument,1053,2788.97
o7p1-majority,RegisterDocument,1054,2789.39
o7p1-majority,RegisterDocument,1055,2789.43
o7p1-majority,RegisterDocument,1056,2789.69
o7p1-majority,RegisterDocument,1057,2789.82
o7p1-majority,RegisterDocument,1058,2789.92
o7p1-majority,RegisterDocument,1059,2789.97
o7p1-majority,RegisterDocument,1060,2790.49
o7p1-majority,RegisterDocument,1061,2790.54
o7p1-majority,RegisterDocument,1062,2790.72
o7p1-majority,RegisterDocument,1063,2790.80
o7p1-majority,RegisterDocument,1064,2790.81
o7p1-majority,RegisterDocument,1065,2790.95
o7p1-majority,RegisterDocument,1066,2790.95
o7p1-majority,RegisterDocument,1067,2791.10
o7p1-majority,RegisterDocument,1068,2791.15
o7p1-majority,RegisterDocument,1069,2791.33
o7p1-majority,RegisterDocument,1070,2791.62
o7p1-majority,RegisterDocument,1071,2791.71
o7p1-majority,RegisterDocument,1072,2791.72
o7p1-majority,RegisterDocument,1073,2791.74
o7p1-majority,RegisterDocument,1074,2791.81
o7p1-majority,RegisterDocument,1075,2791.87
o7p1-majority,RegisterDocument,1076,2792.05
o7p1-majority,RegisterDocument,1077,2792.38
o7p1-majority,RegisterDocument,1078,2792.38
o7p1-majority,RegisterDocument,1079,2792.50
o7p1-majority,RegisterDocument,1080,2792.69
o7p1-majority,RegisterDocument,1081,2792.70
o7p1-majority,RegisterDocument,1082,2792.70
o7p1-majority,RegisterDocument,1083,2792.79
o7p1-majority,RegisterDocument,1084,2793.09
o7p1-majority,RegisterDocument,1085,2793.24
o7p1-majority,RegisterDocument,1086,2793.48
o7p1-majority,RegisterDocument,1087,2794.00
o7p1-majority,RegisterDocument,1088,2794.06
o7p1-majority,RegisterDocument,1089,2794.08
o7p1-majority,RegisterDocument,1090,2794.09
o7p1-majority,RegisterDocument,1091,2794.14
o7p1-majority,RegisterDocument,1092,2794.15
o7p1-majority,RegisterDocument,1093,2794.23
o7p1-majority,RegisterDocument,1094,2794.31
o7p1-majority,RegisterDocument,1095,2794.49
o7p1-majority,RegisterDocument,1096,2794.51
o7p1-majority,RegisterDocument,1097,2794.52
o7p1-majority,RegisterDocument,1098,2794.62
o7p1-majority,RegisterDocument,1099,2794.66
o7p1-majority,RegisterDocument,1100,2794.76
o7p1-majority,RegisterDocument,1101,2794.78
o7p1-majority,RegisterDocument,1102,2794.83
o7p1-majority,RegisterDocument,1103,2794.92
o7p1-majority,RegisterDocument,1104,2795.01
o7p1-majority,RegisterDocument,1105,2795.04
o7p1-majority,RegisterDocument,1106,2795.08
o7p1-majority,RegisterDocument,1107,2795.19
o7p1-majority,RegisterDocument,1108,2795.38
o7p1-majority,RegisterDocument,1109,2795.50
o7p1-majority,RegisterDocument,1110,2795.54
o7p1-majority,RegisterDocument,1111,2795.56
o7p1-majority,RegisterDocument,1112,2795.56
o7p1-majority,RegisterDocument,1113,2795.59
o7p1-majority,RegisterDocument,1114,2795.72
o7p1-majority,RegisterDocument,1115,2795.75
o7p1-majority,RegisterDocument,1116,2795.88
o7p1-majority,RegisterDocument,1117,2796.12
o7p1-majority,RegisterDocument,1118,2796.12
o7p1-majority,RegisterDocument,1119,2796.14
o7p1-majority,RegisterDocument,1120,2796.17
o7p1-majority,RegisterDocument,1121,2796.19
o7p1-majority,RegisterDocument,1122,2796.41
o7p1-majority,RegisterDocument,1123,2796.42
o7p1-majority,RegisterDocument,1124,2796.43
o7p1-majority,RegisterDocument,1125,2796.48
o7p1-majority,RegisterDocument,1126,2796.50
o7p1-majority,RegisterDocument,1127,2796.51
o7p1-majority,RegisterDocument,1128,2796.66
o7p1-majority,RegisterDocument,1129,2796.68
o7p1-majority,RegisterDocument,1130,2796.84
o7p1-majority,RegisterDocument,1131,2796.84
o7p1-majority,RegisterDocument,1132,2797.08
o7p1-majority,RegisterDocument,1133,2797.10
o7p1-majority,RegisterDocument,1134,2797.10
o7p1-majority,RegisterDocument,1135,2797.29
o7p1-majority,RegisterDocument,1136,2797.41
o7p1-majority,RegisterDocument,1137,2797.52
o7p1-majority,RegisterDocument,1138,2797.66
o7p1-majority,RegisterDocument,1139,2797.97
o7p1-majority,RegisterDocument,1140,2798.04
o7p1-majority,RegisterDocument,1141,2798.09
o7p1-majority,RegisterDocument,1142,2798.13
o7p1-majority,RegisterDocument,1143,2798.16
o7p1-majority,RegisterDocument,1144,2798.19
o7p1-majority,RegisterDocument,1145,2798.20
o7p1-majority,RegisterDocument,1146,2798.25
o7p1-majority,RegisterDocument,1147,2798.41
o7p1-majority,RegisterDocument,1148,2798.44
o7p1-majority,RegisterDocument,1149,2798.45
o7p1-majority,RegisterDocument,1150,2798.54
o7p1-majority,RegisterDocument,1151,2798.57
o7p1-majority,RegisterDocument,1152,2798.63
o7p1-majority,RegisterDocument,1153,2798.74
o7p1-majority,RegisterDocument,1154,2798.84
o7p1-majority,RegisterDocument,1155,2798.85
o7p1-majority,RegisterDocument,1156,2798.96
o7p1-majority,RegisterDocument,1157,2798.97
o7p1-majority,RegisterDocument,1158,2799.17
o7p1-majority,RegisterDocument,1159,2799.18
o7p1-majority,RegisterDocument,1160,2799.30
o7p1-majority,RegisterDocument,1161,2799.45
o7p1-majority,RegisterDocument,1162,2799.65
o7p1-majority,RegisterDocument,1163,2799.80
o7p1-majority,RegisterDocument,1164,2799.89
o7p1-majority,RegisterDocument,1165,2799.92
o7p1-majority,RegisterDocument,1166,2800.16
o7p1-majority,RegisterDocument,1167,2800.88
o7p1-majority,RegisterDocument,1168,2801.01
o7p1-majority,RegisterDocument,1169,2801.01
o7p1-majority,RegisterDocument,1170,2801.03
o7p1-majority,RegisterDocument,1171,2801.08
o7p1-majority,RegisterDocument,1172,2801.22
o7p1-majority,RegisterDocument,1173,2801.34
o7p1-majority,RegisterDocument,1174,2801.35
o7p1-majority,RegisterDocument,1175,2801.39
o7p1-majority,RegisterDocument,1176,2801.48
o7p1-majority,RegisterDocument,1177,2801.50
o7p1-majority,RegisterDocument,1178,2801.73
o7p1-majority,RegisterDocument,1179,2801.81
o7p1-majority,RegisterDocument,1180,2802.12
o7p1-majority,RegisterDocument,1181,2802.40
o7p1-majority,RegisterDocument,1182,2802.54
o7p1-majority,RegisterDocument,1183,2802.56
o7p1-majority,RegisterDocument,1184,2802.73
o7p1-majority,RegisterDocument,1185,2802.80
o7p1-majority,RegisterDocument,1186,2802.93
o7p1-majority,RegisterDocument,1187,2802.94
o7p1-majority,RegisterDocument,1188,2802.95
o7p1-majority,RegisterDocument,1189,2802.99
o7p1-majority,RegisterDocument,1190,2803.00
o7p1-majority,RegisterDocument,1191,2803.02
o7p1-majority,RegisterDocument,1192,2803.14
o7p1-majority,RegisterDocument,1193,2803.16
o7p1-majority,RegisterDocument,1194,2803.16
o7p1-majority,RegisterDocument,1195,2803.24
o7p1-majority,RegisterDocument,1196,2803.28
o7p1-majority,RegisterDocument,1197,2803.30
o7p1-majority,RegisterDocument,1198,2803.43
o7p1-majority,RegisterDocument,1199,2803.45
o7p1-majority,RegisterDocument,1200,2803.54
o7p1-majority,RegisterDocument,1201,2803.55
o7p1-majority,RegisterDocument,1202,2803.57
o7p1-majority,RegisterDocument,1203,2803.58
o7p1-majority,RegisterDocument,1204,2803.86
o7p1-majority,RegisterDocument,1205,2803.92
o7p1-majority,RegisterDocument,1206,2804.04
o7p1-majority,RegisterDocument,1207,2804.11
o7p1-majority,RegisterDocument,1208,2804.11
o7p1-majority,RegisterDocument,1209,2804.24
o7p1-majority,RegisterDocument,1210,2804.27
o7p1-majority,RegisterDocument,1211,2804.31
o7p1-majority,RegisterDocument,1212,2804.49
o7p1-majority,RegisterDocument,1213,2804.75
o7p1-majority,RegisterDocument,1214,2804.88
o7p1-majority,RegisterDocument,1215,2805.02
o7p1-majority,RegisterDocument,1216,2805.14
o7p1-majority,RegisterDocument,1217,2805.25
o7p1-majority,RegisterDocument,1218,2805.28
o7p1-majority,RegisterDocument,1219,2805.38
o7p1-majority,RegisterDocument,1220,2805.38
o7p1-majority,RegisterDocument,1221,2805.44
o7p1-majority,RegisterDocument,1222,2805.46
o7p1-majority,RegisterDocument,1223,2805.49
o7p1-majority,RegisterDocument,1224,2805.52
o7p1-majority,RegisterDocument,1225,2805.61
o7p1-majority,RegisterDocument,1226,2805.81
o7p1-majority,RegisterDocument,1227,2805.91
o7p1-majority,RegisterDocument,1228,2805.92
o7p1-majority,RegisterDocument,1229,2805.93
o7p1-majority,RegisterDocument,1230,2805.94
o7p1-majority,RegisterDocument,1231,2806.07
o7p1-majority,RegisterDocument,1232,2806.09
o7p1-majority,RegisterDocument,1233,2806.13
o7p1-majority,RegisterDocument,1234,2806.14
o7p1-majority,RegisterDocument,1235,2806.19
o7p1-majority,RegisterDocument,1236,2806.25
o7p1-majority,RegisterDocument,1237,2806.28
o7p1-majority,RegisterDocument,1238,2806.38
o7p1-majority,RegisterDocument,1239,2806.83
o7p1-majority,RegisterDocument,1240,2806.91
o7p1-majority,RegisterDocument,1241,2806.95
o7p1-majority,RegisterDocument,1242,2807.02
o7p1-majority,RegisterDocument,1243,2807.27
o7p1-majority,RegisterDocument,1244,2807.35
o7p1-majority,RegisterDocument,1245,2807.47
o7p1-majority,RegisterDocument,1246,2807.47
o7p1-majority,RegisterDocument,1247,2807.53
o7p1-majority,RegisterDocument,1248,2807.57
o7p1-majority,RegisterDocument,1249,2807.79
o7p1-majority,RegisterDocument,1250,2807.92
o7p1-majority,RegisterDocument,1251,2807.98
o7p1-majority,RegisterDocument,1252,2808.09
o7p1-majority,RegisterDocument,1253,2808.24
o7p1-majority,RegisterDocument,1254,2808.26
o7p1-majority,RegisterDocument,1255,2808.52
o7p1-majority,RegisterDocument,1256,2808.65
o7p1-majority,RegisterDocument,1257,2808.75
o7p1-majority,RegisterDocument,1258,2808.77
o7p1-majority,RegisterDocument,1259,2808.84
o7p1-majority,RegisterDocument,1260,2808.88
o7p1-majority,RegisterDocument,1261,2809.00
o7p1-majority,RegisterDocument,1262,2809.01
o7p1-majority,RegisterDocument,1263,2809.04
o7p1-majority,RegisterDocument,1264,2809.06
o7p1-majority,RegisterDocument,1265,2809.07
o7p1-majority,RegisterDocument,1266,2809.13
o7p1-majority,RegisterDocument,1267,2809.17
o7p1-majority,RegisterDocument,1268,2809.20
o7p1-majority,RegisterDocument,1269,2809.27
o7p1-majority,RegisterDocument,1270,2809.30
o7p1-majority,RegisterDocument,1271,2809.30
o7p1-majority,RegisterDocument,1272,2809.41
o7p1-majority,RegisterDocument,1273,2809.92
o7p1-majority,RegisterDocument,1274,2809.92
o7p1-majority,RegisterDocument,1275,2809.97
o7p1-majority,RegisterDocument,1276,2810.05
o7p1-majority,RegisterDocument,1277,2810.19
o7p1-majority,RegisterDocument,1278,2810.21
o7p1-majority,RegisterDocument,1279,2810.43
o7p1-majority,RegisterDocument,1280,2810.53
o7p1-majority,RegisterDocument,1281,2810.55
o7p1-majority,RegisterDocument,1282,2810.62
o7p1-majority,RegisterDocument,1283,2810.66
o7p1-majority,RegisterDocument,1284,2810.82
o7p1-majority,RegisterDocument,1285,2810.84
o7p1-majority,RegisterDocument,1286,2810.88
o7p1-majority,RegisterDocument,1287,2810.97
o7p1-majority,RegisterDocument,1288,2811.06
o7p1-majority,RegisterDocument,1289,2811.06
o7p1-majority,RegisterDocument,1290,2811.09
o7p1-majority,RegisterDocument,1291,2811.24
o7p1-majority,RegisterDocument,1292,2811.28
o7p1-majority,RegisterDocument,1293,2811.33
o7p1-majority,RegisterDocument,1294,2811.35
o7p1-majority,RegisterDocument,1295,2811.50
o7p1-majority,RegisterDocument,1296,2811.52
o7p1-majority,RegisterDocument,1297,2811.60
o7p1-majority,RegisterDocument,1298,2811.65
o7p1-majority,RegisterDocument,1299,2811.78
o7p1-majority,RegisterDocument,1300,2811.89
o7p1-majority,RegisterDocument,1301,2812.22
o7p1-majority,RegisterDocument,1302,2812.38
o7p1-majority,RegisterDocument,1303,2812.48
o7p1-majority,RegisterDocument,1304,2812.48
o7p1-majority,RegisterDocument,1305,2812.53
o7p1-majority,RegisterDocument,1306,2812.75
o7p1-majority,RegisterDocument,1307,2812.78
o7p1-majority,RegisterDocument,1308,2812.86
o7p1-majority,RegisterDocument,1309,2812.91
o7p1-majority,RegisterDocument,1310,2813.00
o7p1-majority,RegisterDocument,1311,2813.01
o7p1-majority,RegisterDocument,1312,2813.04
o7p1-majority,RegisterDocument,1313,2813.06
o7p1-majority,RegisterDocument,1314,2813.33
o7p1-majority,RegisterDocument,1315,2813.37
o7p1-majority,RegisterDocument,1316,2813.66
o7p1-majority,RegisterDocument,1317,2813.68
o7p1-majority,RegisterDocument,1318,2813.71
o7p1-majority,RegisterDocument,1319,2813.85
o7p1-majority,RegisterDocument,1320,2813.91
o7p1-majority,RegisterDocument,1321,2814.07
o7p1-majority,RegisterDocument,1322,2814.38
o7p1-majority,RegisterDocument,1323,2814.52
o7p1-majority,RegisterDocument,1324,2814.58
o7p1-majority,RegisterDocument,1325,2814.60
o7p1-majority,RegisterDocument,1326,2814.68
o7p1-majority,RegisterDocument,1327,2814.71
o7p1-majority,RegisterDocument,1328,2814.90
o7p1-majority,RegisterDocument,1329,2814.97
o7p1-majority,RegisterDocument,1330,2815.03
o7p1-majority,RegisterDocument,1331,2815.32
o7p1-majority,RegisterDocument,1332,2815.43
o7p1-majority,RegisterDocument,1333,2815.47
o7p1-majority,RegisterDocument,1334,2815.84
o7p1-majority,RegisterDocument,1335,2815.97
o7p1-majority,RegisterDocument,1336,2816.07
o7p1-majority,RegisterDocument,1337,2816.35
o7p1-majority,RegisterDocument,1338,2816.43
o7p1-majority,RegisterDocument,1339,2816.50
o7p1-majority,RegisterDocument,1340,2816.54
o7p1-majority,RegisterDocument,1341,2816.62
o7p1-majority,RegisterDocument,1342,2816.68
o7p1-majority,RegisterDocument,1343,2816.97
o7p1-majority,RegisterDocument,1344,2817.03
o7p1-majority,RegisterDocument,1345,2817.12
o7p1-majority,RegisterDocument,1346,2817.18
o7p1-majority,RegisterDocument,1347,2817.22
o7p1-majority,RegisterDocument,1348,2817.37
o7p1-majority,RegisterDocument,1349,2817.47
o7p1-majority,RegisterDocument,1350,2817.60
o7p1-majority,RegisterDocument,1351,2817.75
o7p1-majority,RegisterDocument,1352,2817.83
o7p1-majority,RegisterDocument,1353,2818.04
o7p1-majority,RegisterDocument,1354,2818.06
o7p1-majority,RegisterDocument,1355,2818.09
o7p1-majority,RegisterDocument,1356,2818.10
o7p1-majority,RegisterDocument,1357,2818.20
o7p1-majority,RegisterDocument,1358,2818.21
o7p1-majority,RegisterDocument,1359,2818.24
o7p1-majority,RegisterDocument,1360,2818.30
o7p1-majority,RegisterDocument,1361,2818.36
o7p1-majority,RegisterDocument,1362,2818.36
o7p1-majority,RegisterDocument,1363,2818.85
o7p1-majority,RegisterDocument,1364,2818.89
o7p1-majority,RegisterDocument,1365,2819.10
o7p1-majority,RegisterDocument,1366,2819.36
o7p1-majority,RegisterDocument,1367,2819.47
o7p1-majority,RegisterDocument,1368,2819.70
o7p1-majority,RegisterDocument,1369,2819.73
o7p1-majority,RegisterDocument,1370,2819.91
o7p1-majority,RegisterDocument,1371,2819.98
o7p1-majority,RegisterDocument,1372,2820.03
o7p1-majority,RegisterDocument,1373,2820.06
o7p1-majority,RegisterDocument,1374,2820.18
o7p1-majority,RegisterDocument,1375,2820.26
o7p1-majority,RegisterDocument,1376,2820.49
o7p1-majority,RegisterDocument,1377,2820.57
o7p1-majority,RegisterDocument,1378,2820.59
o7p1-majority,RegisterDocument,1379,2820.62
o7p1-majority,RegisterDocument,1380,2820.67
o7p1-majority,RegisterDocument,1381,2820.72
o7p1-majority,RegisterDocument,1382,2820.77
o7p1-majority,RegisterDocument,1383,2820.77
o7p1-majority,RegisterDocument,1384,2821.15
o7p1-majority,RegisterDocument,1385,2821.29
o7p1-majority,RegisterDocument,1386,2821.49
o7p1-majority,RegisterDocument,1387,2821.66
o7p1-majority,RegisterDocument,1388,2821.69
o7p1-majority,RegisterDocument,1389,2821.86
o7p1-majority,RegisterDocument,1390,2821.88
o7p1-majority,RegisterDocument,1391,2822.01
o7p1-majority,RegisterDocument,1392,2822.04
o7p1-majority,RegisterDocument,1393,2822.07
o7p1-majority,RegisterDocument,1394,2822.12
o7p1-majority,RegisterDocument,1395,2822.17
o7p1-majority,RegisterDocument,1396,2822.20
o7p1-majority,RegisterDocument,1397,2822.38
o7p1-majority,RegisterDocument,1398,2822.44
o7p1-majority,RegisterDocument,1399,2822.80
o7p1-majority,RegisterDocument,1400,2823.11
o7p1-majority,RegisterDocument,1401,2823.38
o7p1-majority,RegisterDocument,1402,2823.41
o7p1-majority,RegisterDocument,1403,2823.73
o7p1-majority,RegisterDocument,1404,2823.90
o7p1-majority,RegisterDocument,1405,2823.99
o7p1-majority,RegisterDocument,1406,2824.28
o7p1-majority,RegisterDocument,1407,2824.42
o7p1-majority,RegisterDocument,1408,2824.57
o7p1-majority,RegisterDocument,1409,2824.63
o7p1-majority,RegisterDocument,1410,2824.72
o7p1-majority,RegisterDocument,1411,2824.77
o7p1-majority,RegisterDocument,1412,2824.80
o7p1-majority,RegisterDocument,1413,2824.84
o7p1-majority,RegisterDocument,1414,2824.96
o7p1-majority,RegisterDocument,1415,2825.03
o7p1-majority,RegisterDocument,1416,2825.11
o7p1-majority,RegisterDocument,1417,2825.31
o7p1-majority,RegisterDocument,1418,2825.39
o7p1-majority,RegisterDocument,1419,2825.53
o7p1-majority,RegisterDocument,1420,2825.65
o7p1-majority,RegisterDocument,1421,2825.79
o7p1-majority,RegisterDocument,1422,2825.79
o7p1-majority,RegisterDocument,1423,2825.90
o7p1-majority,RegisterDocument,1424,2825.94
o7p1-majority,RegisterDocument,1425,2826.05
o7p1-majority,RegisterDocument,1426,2826.07
o7p1-majority,RegisterDocument,1427,2826.08
o7p1-majority,RegisterDocument,1428,2826.47
o7p1-majority,RegisterDocument,1429,2827.43
o7p1-majority,RegisterDocument,1430,2827.48
o7p1-majority,RegisterDocument,1431,2827.68
o7p1-majority,RegisterDocument,1432,2828.06
o7p1-majority,RegisterDocument,1433,2828.11
o7p1-majority,RegisterDocument,1434,2828.21
o7p1-majority,RegisterDocument,1435,2828.38
o7p1-majority,RegisterDocument,1436,2828.47
o7p1-majority,RegisterDocument,1437,2828.55
o7p1-majority,RegisterDocument,1438,2828.96
o7p1-majority,RegisterDocument,1439,2829.11
o7p1-majority,RegisterDocument,1440,2829.26
o7p1-majority,RegisterDocument,1441,2829.29
o7p1-majority,RegisterDocument,1442,2829.30
o7p1-majority,RegisterDocument,1443,2829.34
o7p1-majority,RegisterDocument,1444,2829.48
o7p1-majority,RegisterDocument,1445,2829.67
o7p1-majority,RegisterDocument,1446,2829.73
o7p1-majority,RegisterDocument,1447,2829.91
o7p1-majority,RegisterDocument,1448,2830.13
o7p1-majority,RegisterDocument,1449,2830.33
o7p1-majority,RegisterDocument,1450,2830.39
o7p1-majority,RegisterDocument,1451,2830.39
o7p1-majority,RegisterDocument,1452,2830.80
o7p1-majority,RegisterDocument,1453,2830.91
o7p1-majority,RegisterDocument,1454,2830.94
o7p1-majority,RegisterDocument,1455,2831.09
o7p1-majority,RegisterDocument,1456,2831.17
o7p1-majority,RegisterDocument,1457,2831.68
o7p1-majority,RegisterDocument,1458,2831.98
o7p1-majority,RegisterDocument,1459,2832.14
o7p1-majority,RegisterDocument,1460,2832.26
o7p1-majority,RegisterDocument,1461,2832.43
o7p1-majority,RegisterDocument,1462,2832.47
o7p1-majority,RegisterDocument,1463,2832.77
o7p1-majority,RegisterDocument,1464,2833.33
o7p1-majority,RegisterDocument,1465,2833.36
o7p1-majority,RegisterDocument,1466,2833.37
o7p1-majority,RegisterDocument,1467,2833.37
o7p1-majority,RegisterDocument,1468,2833.57
o7p1-majority,RegisterDocument,1469,2833.60
o7p1-majority,RegisterDocument,1470,2833.72
o7p1-majority,RegisterDocument,1471,2833.74
o7p1-majority,RegisterDocument,1472,2833.79
o7p1-majority,RegisterDocument,1473,2833.96
o7p1-majority,RegisterDocument,1474,2833.97
o7p1-majority,RegisterDocument,1475,2833.98
o7p1-majority,RegisterDocument,1476,2834.41
o7p1-majority,RegisterDocument,1477,2834.86
o7p1-majority,RegisterDocument,1478,2834.95
o7p1-majority,RegisterDocument,1479,2835.09
o7p1-majority,RegisterDocument,1480,2835.13
o7p1-majority,RegisterDocument,1481,2835.22
o7p1-majority,RegisterDocument,1482,2835.22
o7p1-majority,RegisterDocument,1483,2835.49
o7p1-majority,RegisterDocument,1484,2835.55
o7p1-majority,RegisterDocument,1485,2835.65
o7p1-majority,RegisterDocument,1486,2835.67
o7p1-majority,RegisterDocument,1487,2835.79
o7p1-majority,RegisterDocument,1488,2835.97
o7p1-majority,RegisterDocument,1489,2836.18
o7p1-majority,RegisterDocument,1490,2836.30
o7p1-majority,RegisterDocument,1491,2836.33
o7p1-majority,RegisterDocument,1492,2836.39
o7p1-majority,RegisterDocument,1493,2836.39
o7p1-majority,RegisterDocument,1494,2836.69
o7p1-majority,RegisterDocument,1495,2836.69
o7p1-majority,RegisterDocument,1496,2836.96
o7p1-majority,RegisterDocument,1497,2836.99
o7p1-majority,RegisterDocument,1498,2837.12
o7p1-majority,RegisterDocument,1499,2837.32
o7p1-majority,RegisterDocument,1500,2837.40
o7p1-majority,RegisterDocument,1501,2837.50
o7p1-majority,RegisterDocument,1502,2837.72
o7p1-majority,RegisterDocument,1503,2837.75
o7p1-majority,RegisterDocument,1504,2837.97
o7p1-majority,RegisterDocument,1505,2838.00
o7p1-majority,RegisterDocument,1506,2838.08
o7p1-majority,RegisterDocument,1507,2838.10
o7p1-majority,RegisterDocument,1508,2838.19
o7p1-majority,RegisterDocument,1509,2838.27
o7p1-majority,RegisterDocument,1510,2838.27
o7p1-majority,RegisterDocument,1511,2838.33
o7p1-majority,RegisterDocument,1512,2838.47
o7p1-majority,RegisterDocument,1513,2838.56
o7p1-majority,RegisterDocument,1514,2838.60
o7p1-majority,RegisterDocument,1515,2838.74
o7p1-majority,RegisterDocument,1516,2838.79
o7p1-majority,RegisterDocument,1517,2838.79
o7p1-majority,RegisterDocument,1518,2838.94
o7p1-majority,RegisterDocument,1519,2839.75
o7p1-majority,RegisterDocument,1520,2839.81
o7p1-majority,RegisterDocument,1521,2840.38
o7p1-majority,RegisterDocument,1522,2840.42
o7p1-majority,RegisterDocument,1523,2840.73
o7p1-majority,RegisterDocument,1524,2841.17
o7p1-majority,RegisterDocument,1525,2841.65
o7p1-majority,RegisterDocument,1526,2841.81
o7p1-majority,RegisterDocument,1527,2841.95
o7p1-majority,RegisterDocument,1528,2842.05
o7p1-majority,RegisterDocument,1529,2842.25
o7p1-majority,RegisterDocument,1530,2842.28
o7p1-majority,RegisterDocument,1531,2842.46
o7p1-majority,RegisterDocument,1532,2842.50
o7p1-majority,RegisterDocument,1533,2842.95
o7p1-majority,RegisterDocument,1534,2843.32
o7p1-majority,RegisterDocument,1535,2843.36
o7p1-majority,RegisterDocument,1536,2843.45
o7p1-majority,RegisterDocument,1537,2843.58
o7p1-majority,RegisterDocument,1538,2843.59
o7p1-majority,RegisterDocument,1539,2843.62
o7p1-majority,RegisterDocument,1540,2843.82
o7p1-majority,RegisterDocument,1541,2843.86
o7p1-majority,RegisterDocument,1542,2844.02
o7p1-majority,RegisterDocument,1543,2844.34
o7p1-majority,RegisterDocument,1544,2844.40
o7p1-majority,RegisterDocument,1545,2844.43
o7p1-majority,RegisterDocument,1546,2844.61
o7p1-majority,RegisterDocument,1547,2844.79
o7p1-majority,RegisterDocument,1548,2845.02
o7p1-majority,RegisterDocument,1549,2845.08
o7p1-majority,RegisterDocument,1550,2845.33
o7p1-majority,RegisterDocument,1551,2845.64
o7p1-majority,RegisterDocument,1552,2846.12
o7p1-majority,RegisterDocument,1553,2846.18
o7p1-majority,RegisterDocument,1554,2846.43
o7p1-majority,RegisterDocument,1555,2846.62
o7p1-majority,RegisterDocument,1556,2846.78
o7p1-majority,RegisterDocument,1557,2846.96
o7p1-majority,RegisterDocument,1558,2847.07
o7p1-majority,RegisterDocument,1559,2847.17
o7p1-majority,RegisterDocument,1560,2847.18
o7p1-majority,RegisterDocument,1561,2847.55
o7p1-majority,RegisterDocument,1562,2847.93
o7p1-majority,RegisterDocument,1563,2848.01
o7p1-majority,RegisterDocument,1564,2848.12
o7p1-majority,RegisterDocument,1565,2848.61
o7p1-majority,RegisterDocument,1566,2848.64
o7p1-majority,RegisterDocument,1567,2849.84
o7p1-majority,RegisterDocument,1568,2849.90
o7p1-majority,RegisterDocument,1569,2850.21
o7p1-majority,RegisterDocument,1570,2850.51
o7p1-majority,RegisterDocument,1571,2850.54
o7p1-majority,RegisterDocument,1572,2850.68
o7p1-majority,RegisterDocument,1573,2850.72
o7p1-majority,RegisterDocument,1574,2851.02
o7p1-majority,RegisterDocument,1575,2851.08
o7p1-majority,RegisterDocument,1576,2851.14
o7p1-majority,RegisterDocument,1577,2851.71
o7p1-majority,RegisterDocument,1578,2852.04
o7p1-majority,RegisterDocument,1579,2852.36
o7p1-majority,RegisterDocument,1580,2852.46
o7p1-majority,RegisterDocument,1581,2852.71
o7p1-majority,RegisterDocument,1582,2853.39
o7p1-majority,RegisterDocument,1583,2853.55
o7p1-majority,RegisterDocument,1584,2853.94
o7p1-majority,RegisterDocument,1585,2853.97
o7p1-majority,RegisterDocument,1586,2854.04
o7p1-majority,RegisterDocument,1587,2854.05
o7p1-majority,RegisterDocument,1588,2854.13
o7p1-majority,RegisterDocument,1589,2854.55
o7p1-majority,RegisterDocument,1590,2854.61
o7p1-majority,RegisterDocument,1591,2854.74
o7p1-majority,RegisterDocument,1592,2854.76
o7p1-majority,RegisterDocument,1593,2854.94
o7p1-majority,RegisterDocument,1594,2855.25
o7p1-majority,RegisterDocument,1595,2855.43
o7p1-majority,RegisterDocument,1596,2855.53
o7p1-majority,RegisterDocument,1597,2855.62
o7p1-majority,RegisterDocument,1598,2855.66
o7p1-majority,RegisterDocument,1599,2855.85
o7p1-majority,RegisterDocument,1600,2855.92
o7p1-majority,RegisterDocument,1601,2855.99
o7p1-majority,RegisterDocument,1602,2856.14
o7p1-majority,RegisterDocument,1603,2856.24
o7p1-majority,RegisterDocument,1604,2856.55
o7p1-majority,RegisterDocument,1605,2856.61
o7p1-majority,RegisterDocument,1606,2857.31
o7p1-majority,RegisterDocument,1607,2857.56
o7p1-majority,RegisterDocument,1608,2857.75
o7p1-majority,RegisterDocument,1609,2857.83
o7p1-majority,RegisterDocument,1610,2857.89
o7p1-majority,RegisterDocument,1611,2858.30
o7p1-majority,RegisterDocument,1612,2858.32
o7p1-majority,RegisterDocument,1613,2858.46
o7p1-majority,RegisterDocument,1614,2858.48
o7p1-majority,RegisterDocument,1615,2858.91
o7p1-majority,RegisterDocument,1616,2858.99
o7p1-majority,RegisterDocument,1617,2859.19
o7p1-majority,RegisterDocument,1618,2859.35
o7p1-majority,RegisterDocument,1619,2859.43
o7p1-majority,RegisterDocument,1620,2859.88
o7p1-majority,RegisterDocument,1621,2860.07
o7p1-majority,RegisterDocument,1622,2860.37
o7p1-majority,RegisterDocument,1623,2860.48
o7p1-majority,RegisterDocument,1624,2860.50
o7p1-majority,RegisterDocument,1625,2860.61
o7p1-majority,RegisterDocument,1626,2860.80
o7p1-majority,RegisterDocument,1627,2861.04
o7p1-majority,RegisterDocument,1628,2861.11
o7p1-majority,RegisterDocument,1629,2861.17
o7p1-majority,RegisterDocument,1630,2861.28
o7p1-majority,RegisterDocument,1631,2861.76
o7p1-majority,RegisterDocument,1632,2861.83
o7p1-majority,RegisterDocument,1633,2861.98
o7p1-majority,RegisterDocument,1634,2862.14
o7p1-majority,RegisterDocument,1635,2862.19
o7p1-majority,RegisterDocument,1636,2862.39
o7p1-majority,RegisterDocument,1637,2862.42
o7p1-majority,RegisterDocument,1638,2862.56
o7p1-majority,RegisterDocument,1639,2862.60
o7p1-majority,RegisterDocument,1640,2863.47
o7p1-majority,RegisterDocument,1641,2863.58
o7p1-majority,RegisterDocument,1642,2863.59
o7p1-majority,RegisterDocument,1643,2863.75
o7p1-majority,RegisterDocument,1644,2863.78
o7p1-majority,RegisterDocument,1645,2864.01
o7p1-majority,RegisterDocument,1646,2864.32
o7p1-majority,RegisterDocument,1647,2864.50
o7p1-majority,RegisterDocument,1648,2864.63
o7p1-majority,RegisterDocument,1649,2864.69
o7p1-majority,RegisterDocument,1650,2864.77
o7p1-majority,RegisterDocument,1651,2865.24
o7p1-majority,RegisterDocument,1652,2865.25
o7p1-majority,RegisterDocument,1653,2865.47
o7p1-majority,RegisterDocument,1654,2865.55
o7p1-majority,RegisterDocument,1655,2865.56
o7p1-majority,RegisterDocument,1656,2865.64
o7p1-majority,RegisterDocument,1657,2865.99
o7p1-majority,RegisterDocument,1658,2866.17
o7p1-majority,RegisterDocument,1659,2866.31
o7p1-majority,RegisterDocument,1660,2866.39
o7p1-majority,RegisterDocument,1661,2866.97
o7p1-majority,RegisterDocument,1662,2867.43
o7p1-majority,RegisterDocument,1663,2867.46
o7p1-majority,RegisterDocument,1664,2867.46
o7p1-majority,RegisterDocument,1665,2867.73
o7p1-majority,RegisterDocument,1666,2867.90
o7p1-majority,RegisterDocument,1667,2868.10
o7p1-majority,RegisterDocument,1668,2868.25
o7p1-majority,RegisterDocument,1669,2868.35
o7p1-majority,RegisterDocument,1670,2868.43
o7p1-majority,RegisterDocument,1671,2868.83
o7p1-majority,RegisterDocument,1672,2869.01
o7p1-majority,RegisterDocument,1673,2869.07
o7p1-majority,RegisterDocument,1674,2869.13
o7p1-majority,RegisterDocument,1675,2869.55
o7p1-majority,RegisterDocument,1676,2869.81
o7p1-majority,RegisterDocument,1677,2869.91
o7p1-majority,RegisterDocument,1678,2870.35
o7p1-majority,RegisterDocument,1679,2870.46
o7p1-majority,RegisterDocument,1680,2870.49
o7p1-majority,RegisterDocument,1681,2871.18
o7p1-majority,RegisterDocument,1682,2871.66
o7p1-majority,RegisterDocument,1683,2871.76
o7p1-majority,RegisterDocument,1684,2872.24
o7p1-majority,RegisterDocument,1685,2872.28
o7p1-majority,RegisterDocument,1686,2872.42
o7p1-majority,RegisterDocument,1687,2872.51
o7p1-majority,RegisterDocument,1688,2872.59
o7p1-majority,RegisterDocument,1689,2872.98
o7p1-majority,RegisterDocument,1690,2873.13
o7p1-majority,RegisterDocument,1691,2873.30
o7p1-majority,RegisterDocument,1692,2873.41
o7p1-majority,RegisterDocument,1693,2873.47
o7p1-majority,RegisterDocument,1694,2873.61
o7p1-majority,RegisterDocument,1695,2873.86
o7p1-majority,RegisterDocument,1696,2874.57
o7p1-majority,RegisterDocument,1697,2874.63
o7p1-majority,RegisterDocument,1698,2874.67
o7p1-majority,RegisterDocument,1699,2874.82
o7p1-majority,RegisterDocument,1700,2875.05
o7p1-majority,RegisterDocument,1701,2875.05
o7p1-majority,RegisterDocument,1702,2875.14
o7p1-majority,RegisterDocument,1703,2875.32
o7p1-majority,RegisterDocument,1704,2875.54
o7p1-majority,RegisterDocument,1705,2875.95
o7p1-majority,RegisterDocument,1706,2876.10
o7p1-majority,RegisterDocument,1707,2876.28
o7p1-majority,RegisterDocument,1708,2876.39
o7p1-majority,RegisterDocument,1709,2876.63
o7p1-majority,RegisterDocument,1710,2876.75
o7p1-majority,RegisterDocument,1711,2877.30
o7p1-majority,RegisterDocument,1712,2877.53
o7p1-majority,RegisterDocument,1713,2877.61
o7p1-majority,RegisterDocument,1714,2877.87
o7p1-majority,RegisterDocument,1715,2878.01
o7p1-majority,RegisterDocument,1716,2878.05
o7p1-majority,RegisterDocument,1717,2879.25
o7p1-majority,RegisterDocument,1718,2879.55
o7p1-majority,RegisterDocument,1719,2879.61
o7p1-majority,RegisterDocument,1720,2879.64
o7p1-majority,RegisterDocument,1721,2879.73
o7p1-majority,RegisterDocument,1722,2880.15
o7p1-majority,RegisterDocument,1723,2880.40
o7p1-majority,RegisterDocument,1724,2880.47
o7p1-majority,RegisterDocument,1725,2880.89
o7p1-majority,RegisterDocument,1726,2881.17
o7p1-majority,RegisterDocument,1727,2881.30
o7p1-majority,RegisterDocument,1728,2881.47
o7p1-majority,RegisterDocument,1729,2881.68
o7p1-majority,RegisterDocument,1730,2881.90
o7p1-majority,RegisterDocument,1731,2882.28
o7p1-majority,RegisterDocument,1732,2882.58
o7p1-majority,RegisterDocument,1733,2882.77
o7p1-majority,RegisterDocument,1734,2882.97
o7p1-majority,RegisterDocument,1735,2884.22
o7p1-majority,RegisterDocument,1736,2884.55
o7p1-majority,RegisterDocument,1737,2884.61
o7p1-majority,RegisterDocument,1738,2884.82
o7p1-majority,RegisterDocument,1739,2885.10
o7p1-majority,RegisterDocument,1740,2885.20
o7p1-majority,RegisterDocument,1741,2886.06
o7p1-majority,RegisterDocument,1742,2886.17
o7p1-majority,RegisterDocument,1743,2886.27
o7p1-majority,RegisterDocument,1744,2886.28
o7p1-majority,RegisterDocument,1745,2886.67
o7p1-majority,RegisterDocument,1746,2886.72
o7p1-majority,RegisterDocument,1747,2887.01
o7p1-majority,RegisterDocument,1748,2887.08
o7p1-majority,RegisterDocument,1749,2887.18
o7p1-majority,RegisterDocument,1750,2887.46
o7p1-majority,RegisterDocument,1751,2887.46
o7p1-majority,RegisterDocument,1752,2887.53
o7p1-majority,RegisterDocument,1753,2887.86
o7p1-majority,RegisterDocument,1754,2888.37
o7p1-majority,RegisterDocument,1755,2888.50
o7p1-majority,RegisterDocument,1756,2888.95
o7p1-majority,RegisterDocument,1757,2889.06
o7p1-majority,RegisterDocument,1758,2889.16
o7p1-majority,RegisterDocument,1759,2889.61
o7p1-majority,RegisterDocument,1760,2889.88
o7p1-majority,RegisterDocument,1761,2890.02
o7p1-majority,RegisterDocument,1762,2890.24
o7p1-majority,RegisterDocument,1763,2891.02
o7p1-majority,RegisterDocument,1764,2891.98
o7p1-majority,RegisterDocument,1765,2892.00
o7p1-majority,RegisterDocument,1766,2892.03
o7p1-majority,RegisterDocument,1767,2892.40
o7p1-majority,RegisterDocument,1768,2892.43
o7p1-majority,RegisterDocument,1769,2892.72
o7p1-majority,RegisterDocument,1770,2892.80
o7p1-majority,RegisterDocument,1771,2893.11
o7p1-majority,RegisterDocument,1772,2893.21
o7p1-majority,RegisterDocument,1773,2894.05
o7p1-majority,RegisterDocument,1774,2894.25
o7p1-majority,RegisterDocument,1775,2894.57
o7p1-majority,RegisterDocument,1776,2896.85
o7p1-majority,RegisterDocument,1777,2897.01
o7p1-majority,RegisterDocument,1778,2897.37
o7p1-majority,RegisterDocument,1779,2897.51
o7p1-majority,RegisterDocument,1780,2897.64
o7p1-majority,RegisterDocument,1781,2897.65
o7p1-majority,RegisterDocument,1782,2897.79
o7p1-majority,RegisterDocument,1783,2898.03
o7p1-majority,RegisterDocument,1784,2898.84
o7p1-majority,RegisterDocument,1785,2898.86
o7p1-majority,RegisterDocument,1786,2899.84
o7p1-majority,RegisterDocument,1787,2899.87
o7p1-majority,RegisterDocument,1788,2900.13
o7p1-majority,RegisterDocument,1789,2900.54
o7p1-majority,RegisterDocument,1790,2901.48
o7p1-majority,RegisterDocument,1791,2901.52
o7p1-majority,RegisterDocument,1792,2902.54
o7p1-majority,RegisterDocument,1793,2902.57
o7p1-majority,RegisterDocument,1794,2902.63
o7p1-majority,RegisterDocument,1795,2903.78
o7p1-majority,RegisterDocument,1796,2903.85
o7p1-majority,RegisterDocument,1797,2904.18
o7p1-majority,RegisterDocument,1798,2904.34
o7p1-majority,RegisterDocument,1799,2904.54
o7p1-majority,RegisterDocument,1800,2905.40
o7p1-majority,RegisterDocument,1801,2905.67
o7p1-majority,RegisterDocument,1802,2905.74
o7p1-majority,RegisterDocument,1803,2905.80
o7p1-majority,RegisterDocument,1804,2905.84
o7p1-majority,RegisterDocument,1805,2906.13
o7p1-majority,RegisterDocument,1806,2906.20
o7p1-majority,RegisterDocument,1807,2906.37
o7p1-majority,RegisterDocument,1808,2906.75
o7p1-majority,RegisterDocument,1809,2906.76
o7p1-majority,RegisterDocument,1810,2907.20
o7p1-majority,RegisterDocument,1811,2907.38
o7p1-majority,RegisterDocument,1812,2908.01
o7p1-majority,RegisterDocument,1813,2908.27
o7p1-majority,RegisterDocument,1814,2908.43
o7p1-majority,RegisterDocument,1815,2908.51
o7p1-majority,RegisterDocument,1816,2909.34
o7p1-majority,RegisterDocument,1817,2909.52
o7p1-majority,RegisterDocument,1818,2909.54
o7p1-majority,RegisterDocument,1819,2909.90
o7p1-majority,RegisterDocument,1820,2910.34
o7p1-majority,RegisterDocument,1821,2910.40
o7p1-majority,RegisterDocument,1822,2911.56
o7p1-majority,RegisterDocument,1823,2911.75
o7p1-majority,RegisterDocument,1824,2911.86
o7p1-majority,RegisterDocument,1825,2912.18
o7p1-majority,RegisterDocument,1826,2913.19
o7p1-majority,RegisterDocument,1827,2913.20
o7p1-majority,RegisterDocument,1828,2913.56
o7p1-majority,RegisterDocument,1829,2913.61
o7p1-majority,RegisterDocument,1830,2914.96
o7p1-majority,RegisterDocument,1831,2915.55
o7p1-majority,RegisterDocument,1832,2915.72
o7p1-majority,RegisterDocument,1833,2915.73
o7p1-majority,RegisterDocument,1834,2915.79
o7p1-majority,RegisterDocument,1835,2916.34
o7p1-majority,RegisterDocument,1836,2916.49
o7p1-majority,RegisterDocument,1837,2916.50
o7p1-majority,RegisterDocument,1838,2916.50
o7p1-majority,RegisterDocument,1839,2916.94
o7p1-majority,RegisterDocument,1840,2917.01
o7p1-majority,RegisterDocument,1841,2917.22
o7p1-majority,RegisterDocument,1842,2917.47
o7p1-majority,RegisterDocument,1843,2917.51
o7p1-majority,RegisterDocument,1844,2917.81
o7p1-majority,RegisterDocument,1845,2918.02
o7p1-majority,RegisterDocument,1846,2918.42
o7p1-majority,RegisterDocument,1847,2918.49
o7p1-majority,RegisterDocument,1848,2918.57
o7p1-majority,RegisterDocument,1849,2919.32
o7p1-majority,RegisterDocument,1850,2919.62
o7p1-majority,RegisterDocument,1851,2919.81
o7p1-majority,RegisterDocument,1852,2920.25
o7p1-majority,RegisterDocument,1853,2920.26
o7p1-majority,RegisterDocument,1854,2920.27
o7p1-majority,RegisterDocument,1855,2920.63
o7p1-majority,RegisterDocument,1856,2920.96
o7p1-majority,RegisterDocument,1857,2921.26
o7p1-majority,RegisterDocument,1858,2921.60
o7p1-majority,RegisterDocument,1859,2921.89
o7p1-majority,RegisterDocument,1860,2922.59
o7p1-majority,RegisterDocument,1861,2922.61
o7p1-majority,RegisterDocument,1862,2922.91
o7p1-majority,RegisterDocument,1863,2923.34
o7p1-majority,RegisterDocument,1864,2924.00
o7p1-majority,RegisterDocument,1865,2924.57
o7p1-majority,RegisterDocument,1866,2924.63
o7p1-majority,RegisterDocument,1867,2924.85
o7p1-majority,RegisterDocument,1868,2924.88
o7p1-majority,RegisterDocument,1869,2924.95
o7p1-majority,RegisterDocument,1870,2925.34
o7p1-majority,RegisterDocument,1871,2925.54
o7p1-majority,RegisterDocument,1872,2926.29
o7p1-majority,RegisterDocument,1873,2926.49
o7p1-majority,RegisterDocument,1874,2926.54
o7p1-majority,RegisterDocument,1875,2927.34
o7p1-majority,RegisterDocument,1876,2927.74
o7p1-majority,RegisterDocument,1877,2927.78
o7p1-majority,RegisterDocument,1878,2927.87
o7p1-majority,RegisterDocument,1879,2928.29
o7p1-majority,RegisterDocument,1880,2928.60
o7p1-majority,RegisterDocument,1881,2928.63
o7p1-majority,RegisterDocument,1882,2929.15
o7p1-majority,RegisterDocument,1883,2929.43
o7p1-majority,RegisterDocument,1884,2930.66
o7p1-majority,RegisterDocument,1885,2930.80
o7p1-majority,RegisterDocument,1886,2931.47
o7p1-majority,RegisterDocument,1887,2931.61
o7p1-majority,RegisterDocument,1888,2932.02
o7p1-majority,RegisterDocument,1889,2932.59
o7p1-majority,RegisterDocument,1890,2933.33
o7p1-majority,RegisterDocument,1891,2933.92
o7p1-majority,RegisterDocument,1892,2934.40
o7p1-majority,RegisterDocument,1893,2934.63
o7p1-majority,RegisterDocument,1894,2935.63
o7p1-majority,RegisterDocument,1895,2936.02
o7p1-majority,RegisterDocument,1896,2936.46
o7p1-majority,RegisterDocument,1897,2936.47
o7p1-majority,RegisterDocument,1898,2936.71
o7p1-majority,RegisterDocument,1899,2936.88
o7p1-majority,RegisterDocument,1900,2937.13
o7p1-majority,RegisterDocument,1901,2937.20
o7p1-majority,RegisterDocument,1902,2937.61
o7p1-majority,RegisterDocument,1903,2937.72
o7p1-majority,RegisterDocument,1904,2939.14
o7p1-majority,RegisterDocument,1905,2939.62
o7p1-majority,RegisterDocument,1906,2939.70
o7p1-majority,RegisterDocument,1907,2939.98
o7p1-majority,RegisterDocument,1908,2939.99
o7p1-majority,RegisterDocument,1909,2940.44
o7p1-majority,RegisterDocument,1910,2941.07
o7p1-majority,RegisterDocument,1911,2941.77
o7p1-majority,RegisterDocument,1912,2942.16
o7p1-majority,RegisterDocument,1913,2943.24
o7p1-majority,RegisterDocument,1914,2943.94
o7p1-majority,RegisterDocument,1915,2945.34
o7p1-majority,RegisterDocument,1916,2945.58
o7p1-majority,RegisterDocument,1917,2945.59
o7p1-majority,RegisterDocument,1918,2945.95
o7p1-majority,RegisterDocument,1919,2946.40
o7p1-majority,RegisterDocument,1920,2946.43
o7p1-majority,RegisterDocument,1921,2946.44
o7p1-majority,RegisterDocument,1922,2946.50
o7p1-majority,RegisterDocument,1923,2946.76
o7p1-majority,RegisterDocument,1924,2946.89
o7p1-majority,RegisterDocument,1925,2947.13
o7p1-majority,RegisterDocument,1926,2948.83
o7p1-majority,RegisterDocument,1927,2948.95
o7p1-majority,RegisterDocument,1928,2951.41
o7p1-majority,RegisterDocument,1929,2951.80
o7p1-majority,RegisterDocument,1930,2952.01
o7p1-majority,RegisterDocument,1931,2953.34
o7p1-majority,RegisterDocument,1932,2954.27
o7p1-majority,RegisterDocument,1933,2954.87
o7p1-majority,RegisterDocument,1934,2955.08
o7p1-majority,RegisterDocument,1935,2955.25
o7p1-majority,RegisterDocument,1936,2956.03
o7p1-majority,RegisterDocument,1937,2956.09
o7p1-majority,RegisterDocument,1938,2956.19
o7p1-majority,RegisterDocument,1939,2956.82
o7p1-majority,RegisterDocument,1940,2957.28
o7p1-majority,RegisterDocument,1941,2957.82
o7p1-majority,RegisterDocument,1942,2958.62
o7p1-majority,RegisterDocument,1943,2959.15
o7p1-majority,RegisterDocument,1944,2959.24
o7p1-majority,RegisterDocument,1945,2959.44
o7p1-majority,RegisterDocument,1946,2959.51
o7p1-majority,RegisterDocument,1947,2960.23
o7p1-majority,RegisterDocument,1948,2960.94
o7p1-majority,RegisterDocument,1949,2961.19
o7p1-majority,RegisterDocument,1950,2961.94
o7p1-majority,RegisterDocument,1951,2962.10
o7p1-majority,RegisterDocument,1952,2963.34
o7p1-majority,RegisterDocument,1953,2963.98
o7p1-majority,RegisterDocument,1954,2964.61
o7p1-majority,RegisterDocument,1955,2965.26
o7p1-majority,RegisterDocument,1956,2965.71
o7p1-majority,RegisterDocument,1957,2965.79
o7p1-majority,RegisterDocument,1958,2968.29
o7p1-majority,RegisterDocument,1959,2968.35
o7p1-majority,RegisterDocument,1960,2970.42
o7p1-majority,RegisterDocument,1961,2970.65
o7p1-majority,RegisterDocument,1962,2971.16
o7p1-majority,RegisterDocument,1963,2973.68
o7p1-majority,RegisterDocument,1964,2975.77
o7p1-majority,RegisterDocument,1965,2975.80
o7p1-majority,RegisterDocument,1966,2975.88
o7p1-majority,RegisterDocument,1967,2976.11
o7p1-majority,RegisterDocument,1968,2976.48
o7p1-majority,RegisterDocument,1969,2979.89
o7p1-majority,RegisterDocument,1970,2980.78
o7p1-majority,RegisterDocument,1971,2980.83
o7p1-majority,RegisterDocument,1972,2981.22
o7p1-majority,RegisterDocument,1973,2981.62
o7p1-majority,RegisterDocument,1974,2982.86
o7p1-majority,RegisterDocument,1975,2983.42
o7p1-majority,RegisterDocument,1976,2983.51
o7p1-majority,RegisterDocument,1977,2984.23
o7p1-majority,RegisterDocument,1978,2984.95
o7p1-majority,RegisterDocument,1979,2985.75
o7p1-majority,RegisterDocument,1980,2987.66
o7p1-majority,RegisterDocument,1981,2987.94
o7p1-majority,RegisterDocument,1982,2990.87
o7p1-majority,RegisterDocument,1983,2991.42
o7p1-majority,RegisterDocument,1984,2991.98
o7p1-majority,RegisterDocument,1985,2994.31
o7p1-majority,RegisterDocument,1986,2998.40
o7p1-majority,RegisterDocument,1987,3001.87
o7p1-majority,RegisterDocument,1988,3003.49
o7p1-majority,RegisterDocument,1989,3003.86
o7p1-majority,RegisterDocument,1990,3009.40
o7p1-majority,RegisterDocument,1991,3010.14
o7p1-majority,RegisterDocument,1992,3015.05
o7p1-majority,RegisterDocument,1993,3022.36
o7p1-majority,RegisterDocument,1994,3037.09
o7p1-majority,RegisterDocument,1995,3041.58
o7p1-majority,RegisterDocument,1996,3045.65
o7p1-majority,RegisterDocument,1997,3047.73
o7p1-majority,RegisterDocument,1998,3059.56
o7p1-majority,RegisterDocument,1999,3068.97
o7p1-majority,CheckAccess,0,5.67
o7p1-majority,CheckAccess,1,5.21
o7p1-majority,CheckAccess,2,4.69
o7p1-majority,CheckAccess,3,2.98
o7p1-majority,CheckAccess,4,5.31
o7p1-majority,CheckAccess,5,6.72
o7p1-majority,CheckAccess,6,5.70
o7p1-majority,CheckAccess,7,4.79
o7p1-majority,CheckAccess,8,5.75
o7p1-majority,CheckAccess,9,6.61
o7p1-majority,CheckAccess,10,6.85
o7p1-majority,CheckAccess,11,5.21
o7p1-majority,CheckAccess,12,4.38
o7p1-majority,CheckAccess,13,3.64
o7p1-majority,CheckAccess,14,5.95
o7p1-majority,CheckAccess,15,5.84
o7p1-majority,CheckAccess,16,6.94
o7p1-majority,CheckAccess,17,5.91
o7p1-majority,CheckAccess,18,4.38
o7p1-majority,CheckAccess,19,6.79
o7p1-majority,CheckAccess,20,6.99
o7p1-majority,CheckAccess,21,4.60
o7p1-majority,CheckAccess,22,5.80
o7p1-majority,CheckAccess,23,3.59
o7p1-majority,CheckAccess,24,4.12
o7p1-majority,CheckAccess,25,5.46
o7p1-majority,CheckAccess,26,4.84
o7p1-majority,CheckAccess,27,3.39
o7p1-majority,CheckAccess,28,5.05
o7p1-majority,CheckAccess,29,7.34
o7p1-majority,CheckAccess,30,4.60
o7p1-majority,CheckAccess,31,4.96
o7p1-majority,CheckAccess,32,6.98
o7p1-majority,CheckAccess,33,4.72
o7p1-majority,CheckAccess,34,7.90
o7p1-majority,CheckAccess,35,4.29
o7p1-majority,CheckAccess,36,3.80
o7p1-majority,CheckAccess,37,4.46
o7p1-majority,CheckAccess,38,6.83
o7p1-majority,CheckAccess,39,4.54
o7p1-majority,CheckAccess,40,7.37
o7p1-majority,CheckAccess,41,5.23
o7p1-majority,CheckAccess,42,4.86
o7p1-majority,CheckAccess,43,4.52
o7p1-majority,CheckAccess,44,5.82
o7p1-majority,CheckAccess,45,6.30
o7p1-majority,CheckAccess,46,6.88
o7p1-majority,CheckAccess,47,6.78
o7p1-majority,CheckAccess,48,6.86
o7p1-majority,CheckAccess,49,4.32
o7p1-majority,CheckAccess,50,3.82
o7p1-majority,CheckAccess,51,3.15
o7p1-majority,CheckAccess,52,3.22
o7p1-majority,CheckAccess,53,3.37
o7p1-majority,CheckAccess,54,5.79
o7p1-majority,CheckAccess,55,6.15
o7p1-majority,CheckAccess,56,6.86
o7p1-majority,CheckAccess,57,7.05
o7p1-majority,CheckAccess,58,6.68
o7p1-majority,CheckAccess,59,6.65
o7p1-majority,CheckAccess,60,6.24
o7p1-majority,CheckAccess,61,7.72
o7p1-majority,CheckAccess,62,6.72
o7p1-majority,CheckAccess,63,6.80
o7p1-majority,CheckAccess,64,5.36
o7p1-majority,CheckAccess,65,4.11
o7p1-majority,CheckAccess,66,7.20
o7p1-majority,CheckAccess,67,5.01
o7p1-majority,CheckAccess,68,3.41
o7p1-majority,CheckAccess,69,3.85
o7p1-majority,CheckAccess,70,6.97
o7p1-majority,CheckAccess,71,4.02
o7p1-majority,CheckAccess,72,6.91
o7p1-majority,CheckAccess,73,3.59
o7p1-majority,CheckAccess,74,4.13
o7p1-majority,CheckAccess,75,6.60
o7p1-majority,CheckAccess,76,5.78
o7p1-majority,CheckAccess,77,3.47
o7p1-majority,CheckAccess,78,5.73
o7p1-majority,CheckAccess,79,5.70
o7p1-majority,CheckAccess,80,5.27
o7p1-majority,CheckAccess,81,5.73
o7p1-majority,CheckAccess,82,5.74
o7p1-majority,CheckAccess,83,6.60
o7p1-majority,CheckAccess,84,4.27
o7p1-majority,CheckAccess,85,4.85
o7p1-majority,CheckAccess,86,5.61
o7p1-majority,CheckAccess,87,6.87
o7p1-majority,CheckAccess,88,4.44
o7p1-majority,CheckAccess,89,5.06
o7p1-majority,CheckAccess,90,6.96
o7p1-majority,CheckAccess,91,6.99
o7p1-majority,CheckAccess,92,6.54
o7p1-majority,CheckAccess,93,3.87
o7p1-majority,CheckAccess,94,3.69
o7p1-majority,CheckAccess,95,3.76
o7p1-majority,CheckAccess,96,6.37
o7p1-majority,CheckAccess,97,3.08
o7p1-majority,CheckAccess,98,3.36
o7p1-majority,CheckAccess,99,3.99
