experiment,operation,mode,method,sample_idx,latency_ms,http,platform
exp2,checkaccess,fabric,fabric1,1,20.907,200,linux_x86_64
exp2,checkaccess,fabric,fabric1,2,21.658,200,linux_x86_64
exp2,checkaccess,fabric,fabric1,3,22.165,200,linux_x86_64
exp2,checkaccess,fabric,fabric1,4,19.404,200,linux_x86_64
exp2,checkaccess,fabric,fabric1,5,17.232,200,linux_x86_64
exp2,checkaccess,fabric,fabric1,6,14.846,200,linux_x86_64
exp2,checkaccess,fabric,fabric1,7,14.138,200,linux_x86_64
exp2,checkaccess,fabric,fabric1,8,17.18,200,linux_x86_64
exp2,checkaccess,fabric,fabric1,9,15.593,200,linux_x86_64
exp2,checkaccess,fabric,fabric1,10,16.645,200,linux_x86_64
exp2,checkaccess,fabric,fabric1,11,17.794,200,linux_x86_64
exp2,checkaccess,fabric,fabric1,12,15.399,200,linux_x86_64
exp2,checkaccess,fabric,fabric1,13,18.118,200,linux_x86_64
exp2,checkaccess,fabric,fabric1,14,19.004,200,linux_x86_64
exp2,checkaccess,fabric,fabric1,15,15.142,200,linux_x86_64
exp2,checkaccess,fabric,fabric1,16,13.63,200,linux_x86_64
exp2,checkaccess,fabric,fabric1,17,13.514,200,linux_x86_64
exp2,checkaccess,fabric,fabric1,18,11.517,200,linux_x86_64
exp2,checkaccess,fabric,fabric1,19,19.325,200,linux_x86_64
exp2,checkaccess,fabric,fabric1,20,16.504,200,linux_x86_64
exp2,checkaccess,fabric,fabric1,21,14.076,200,linux_x86_64
exp2,checkaccess,fabric,fabric1,22,14.976,200,linux_x86_64
exp2,checkaccess,fabric,fabric1,23,12.698,200,linux_x86_64
exp2,checkaccess,fabric,fabric1,24,13.652,200,linux_x86_64
exp2,checkaccess,fabric,fabric1,25,15.28,200,linux_x86_64
exp2,checkaccess,fabric,fabric1,26,13.298,200,linux_x86_64
exp2,checkaccess,fabric,fabric1,27,13.239,200,linux_x86_64
exp2,checkaccess,fabric,fabric1,28,11.754,200,linux_x86_64
exp2,checkaccess,fabric,fabric1,29,10.74,200,linux_x86_64
exp2,checkaccess,fabric,fabric1,30,11.611,200,linux_x86_64
exp2,checkaccess,fabric,fabric1,31,11.476,200,linux_x86_64
exp2,checkaccess,fabric,fabric1,32,13.865,200,linux_x86_64
exp2,checkaccess,fabric,fabric1,33,12.463,200,linux_x86_64
exp2,checkaccess,fabric,fabric1,34,28.84,200,linux_x86_64
exp2,checkaccess,fabric,fabric1,35,20.063,200,linux_x86_64
exp2,checkaccess,fabric,fabric1,36,17.304,200,linux_x86_64
exp2,checkaccess,fabric,fabric1,37,14.612,200,linux_x86_64
exp2,checkaccess,fabric,fabric1,38,13.128,200,linux_x86_64
exp2,checkaccess,fabric,fabric1,39,13.771,200,linux_x86_64
exp2,checkaccess,fabric,fabric1,40,17.22,200,linux_x86_64
exp2,checkaccess,fabric,fabric1,41,12.141,200,linux_x86_64
exp2,checkaccess,fabric,fabric1,42,11.965,200,linux_x86_64
exp2,checkaccess,fabric,fabric1,43,10.123,200,linux_x86_64
exp2,checkaccess,fabric,fabric1,44,9.992,200,linux_x86_64
exp2,checkaccess,fabric,fabric1,45,10.889,200,linux_x86_64
exp2,checkaccess,fabric,fabric1,46,11.294,200,linux_x86_64
exp2,checkaccess,fabric,fabric1,47,12.3,200,linux_x86_64
exp2,checkaccess,fabric,fabric1,48,11.623,200,linux_x86_64
exp2,checkaccess,fabric,fabric1,49,10.526,200,linux_x86_64
exp2,checkaccess,fabric,fabric1,50,13.193,200,linux_x86_64
exp2,checkaccess,fabric,fabric1,51,10.778,200,linux_x86_64
exp2,checkaccess,fabric,fabric1,52,11.622,200,linux_x86_64
exp2,checkaccess,fabric,fabric1,53,13.561,200,linux_x86_64
exp2,checkaccess,fabric,fabric1,54,13.368,200,linux_x86_64
exp2,checkaccess,fabric,fabric1,55,10.786,200,linux_x86_64
exp2,checkaccess,fabric,fabric1,56,11.969,200,linux_x86_64
exp2,checkaccess,fabric,fabric1,57,10.257,200,linux_x86_64
exp2,checkaccess,fabric,fabric1,58,10.997,200,linux_x86_64
exp2,checkaccess,fabric,fabric1,59,13.874,200,linux_x86_64
exp2,checkaccess,fabric,fabric1,60,10.544,200,linux_x86_64
exp2,checkaccess,fabric,fabric1,61,10.685,200,linux_x86_64
exp2,checkaccess,fabric,fabric1,62,11.26,200,linux_x86_64
exp2,checkaccess,fabric,fabric1,63,10.982,200,linux_x86_64
exp2,checkaccess,fabric,fabric1,64,9.318,200,linux_x86_64
exp2,checkaccess,fabric,fabric1,65,8.939,200,linux_x86_64
exp2,checkaccess,fabric,fabric1,66,9.917,200,linux_x86_64
exp2,checkaccess,fabric,fabric1,67,10.008,200,linux_x86_64
exp2,checkaccess,fabric,fabric1,68,12.557,200,linux_x86_64
exp2,checkaccess,fabric,fabric1,69,11.78,200,linux_x86_64
exp2,checkaccess,fabric,fabric1,70,13.81,200,linux_x86_64
exp2,checkaccess,fabric,fabric1,71,10.141,200,linux_x86_64
exp2,checkaccess,fabric,fabric1,72,11.244,200,linux_x86_64
exp2,checkaccess,fabric,fabric1,73,11.584,200,linux_x86_64
exp2,checkaccess,fabric,fabric1,74,10.864,200,linux_x86_64
exp2,checkaccess,fabric,fabric1,75,10.679,200,linux_x86_64
exp2,checkaccess,fabric,fabric1,76,9.583,200,linux_x86_64
exp2,checkaccess,fabric,fabric1,77,11.366,200,linux_x86_64
exp2,checkaccess,fabric,fabric1,78,10.241,200,linux_x86_64
exp2,checkaccess,fabric,fabric1,79,9.52,200,linux_x86_64
exp2,checkaccess,fabric,fabric1,80,10.512,200,linux_x86_64
exp2,checkaccess,fabric,fabric1,81,11.103,200,linux_x86_64
exp2,checkaccess,fabric,fabric1,82,13.225,200,linux_x86_64
exp2,checkaccess,fabric,fabric1,83,11.089,200,linux_x86_64
exp2,checkaccess,fabric,fabric1,84,10.114,200,linux_x86_64
exp2,checkaccess,fabric,fabric1,85,9.687,200,linux_x86_64
exp2,checkaccess,fabric,fabric1,86,9.07,200,linux_x86_64
exp2,checkaccess,fabric,fabric1,87,14.332,200,linux_x86_64
exp2,checkaccess,fabric,fabric1,88,10.564,200,linux_x86_64
exp2,checkaccess,fabric,fabric1,89,12.151,200,linux_x86_64
exp2,checkaccess,fabric,fabric1,90,9.794,200,linux_x86_64
exp2,checkaccess,fabric,fabric1,91,9.936,200,linux_x86_64
exp2,checkaccess,fabric,fabric1,92,14.951,200,linux_x86_64
exp2,checkaccess,fabric,fabric1,93,9.574,200,linux_x86_64
exp2,checkaccess,fabric,fabric1,94,8.625,200,linux_x86_64
exp2,checkaccess,fabric,fabric1,95,8.584,200,linux_x86_64
exp2,checkaccess,fabric,fabric1,96,12.682,200,linux_x86_64
exp2,checkaccess,fabric,fabric1,97,10.217,200,linux_x86_64
exp2,checkaccess,fabric,fabric1,98,12.347,200,linux_x86_64
exp2,checkaccess,fabric,fabric1,99,9.034,200,linux_x86_64
exp2,checkaccess,fabric,fabric1,100,9.776,200,linux_x86_64
exp2,checkaccess,fabric,fabric1,101,10.369,200,linux_x86_64
exp2,checkaccess,fabric,fabric1,102,13.048,200,linux_x86_64
exp2,checkaccess,fabric,fabric1,103,12.197,200,linux_x86_64
exp2,checkaccess,fabric,fabric1,104,9.441,200,linux_x86_64
exp2,checkaccess,fabric,fabric1,105,12.329,200,linux_x86_64
exp2,checkaccess,fabric,fabric1,106,9.166,200,linux_x86_64
exp2,checkaccess,fabric,fabric1,107,10.58,200,linux_x86_64
exp2,checkaccess,fabric,fabric1,108,9.462,200,linux_x86_64
exp2,checkaccess,fabric,fabric1,109,10.081,200,linux_x86_64
exp2,checkaccess,fabric,fabric1,110,11.308,200,linux_x86_64
exp2,checkaccess,fabric,fabric1,111,14.266,200,linux_x86_64
exp2,checkaccess,fabric,fabric1,112,9.52,200,linux_x86_64
exp2,checkaccess,fabric,fabric1,113,8.665,200,linux_x86_64
exp2,checkaccess,fabric,fabric1,114,12.628,200,linux_x86_64
exp2,checkaccess,fabric,fabric1,115,10.997,200,linux_x86_64
exp2,checkaccess,fabric,fabric1,116,10.063,200,linux_x86_64
exp2,checkaccess,fabric,fabric1,117,12.488,200,linux_x86_64
exp2,checkaccess,fabric,fabric1,118,18.105,200,linux_x86_64
exp2,checkaccess,fabric,fabric1,119,19.151,200,linux_x86_64
exp2,checkaccess,fabric,fabric1,120,29.784,200,linux_x86_64
exp2,registerdoc,fabric,fabric1,1,2111.117,200,linux_x86_64
exp2,registerdoc,fabric,fabric1,2,2095.542,200,linux_x86_64
exp2,registerdoc,fabric,fabric1,3,2103.09,200,linux_x86_64
exp2,registerdoc,fabric,fabric1,4,2102.015,200,linux_x86_64
exp2,registerdoc,fabric,fabric1,5,2092.637,200,linux_x86_64
exp2,registerdoc,fabric,fabric1,6,2094.2,200,linux_x86_64
exp2,registerdoc,fabric,fabric1,7,2092.467,200,linux_x86_64
exp2,registerdoc,fabric,fabric1,8,2085.111,200,linux_x86_64
exp2,registerdoc,fabric,fabric1,9,2090.525,200,linux_x86_64
exp2,registerdoc,fabric,fabric1,10,2097.411,200,linux_x86_64
exp2,registerdoc,fabric,fabric1,11,2102.881,200,linux_x86_64
exp2,registerdoc,fabric,fabric1,12,2086.86,200,linux_x86_64
exp2,registerdoc,fabric,fabric1,13,2084.753,200,linux_x86_64
exp2,registerdoc,fabric,fabric1,14,2086.739,200,linux_x86_64
exp2,registerdoc,fabric,fabric1,15,2088.74,200,linux_x86_64
exp2,registerdoc,fabric,fabric1,16,2088.186,200,linux_x86_64
exp2,registerdoc,fabric,fabric1,17,2086.445,200,linux_x86_64
exp2,registerdoc,fabric,fabric1,18,2089.23,200,linux_x86_64
exp2,registerdoc,fabric,fabric1,19,2098.416,200,linux_x86_64
exp2,registerdoc,fabric,fabric1,20,2089.645,200,linux_x86_64
exp2,registerdoc,fabric,fabric1,21,2085.758,200,linux_x86_64
exp2,registerdoc,fabric,fabric1,22,2082.827,200,linux_x86_64
exp2,registerdoc,fabric,fabric1,23,2084.075,200,linux_x86_64
exp2,registerdoc,fabric,fabric1,24,2091.394,200,linux_x86_64
exp2,registerdoc,fabric,fabric1,25,2087.304,200,linux_x86_64
exp2,registerdoc,fabric,fabric1,26,2085.868,200,linux_x86_64
exp2,registerdoc,fabric,fabric1,27,2085.035,200,linux_x86_64
exp2,registerdoc,fabric,fabric1,28,2087.643,200,linux_x86_64
exp2,registerdoc,fabric,fabric1,29,2085.032,200,linux_x86_64
exp2,registerdoc,fabric,fabric1,30,2095.722,200,linux_x86_64
exp2,registerdoc,fabric,fabric1,31,2085.32,200,linux_x86_64
exp2,registerdoc,fabric,fabric1,32,2087.669,200,linux_x86_64
exp2,registerdoc,fabric,fabric1,33,2092.135,200,linux_x86_64
exp2,registerdoc,fabric,fabric1,34,2083.896,200,linux_x86_64
exp2,registerdoc,fabric,fabric1,35,2091.739,200,linux_x86_64
exp2,registerdoc,fabric,fabric1,36,2086.991,200,linux_x86_64
exp2,registerdoc,fabric,fabric1,37,2082.266,200,linux_x86_64
exp2,registerdoc,fabric,fabric1,38,2079.614,200,linux_x86_64
exp2,registerdoc,fabric,fabric1,39,2083.718,200,linux_x86_64
exp2,registerdoc,fabric,fabric1,40,2091.959,200,linux_x86_64
exp2,registerdoc,fabric,fabric1,41,2090.818,200,linux_x86_64
exp2,registerdoc,fabric,fabric1,42,2089.807,200,linux_x86_64
exp2,registerdoc,fabric,fabric1,43,2089.045,200,linux_x86_64
exp2,registerdoc,fabric,fabric1,44,2087.515,200,linux_x86_64
exp2,registerdoc,fabric,fabric1,45,2086.333,200,linux_x86_64
exp2,registerdoc,fabric,fabric1,46,2079.836,200,linux_x86_64
exp2,registerdoc,fabric,fabric1,47,2086.392,200,linux_x86_64
exp2,registerdoc,fabric,fabric1,48,2092.277,200,linux_x86_64
exp2,registerdoc,fabric,fabric1,49,2091.352,200,linux_x86_64
exp2,registerdoc,fabric,fabric1,50,2094.138,200,linux_x86_64
exp2,registerdoc,fabric,fabric1,51,2095.551,200,linux_x86_64
exp2,registerdoc,fabric,fabric1,52,2097.936,200,linux_x86_64
exp2,registerdoc,fabric,fabric1,53,2085.17,200,linux_x86_64
exp2,registerdoc,fabric,fabric1,54,2086.143,200,linux_x86_64
exp2,registerdoc,fabric,fabric1,55,2089.05,200,linux_x86_64
exp2,registerdoc,fabric,fabric1,56,2076.473,200,linux_x86_64
exp2,registerdoc,fabric,fabric1,57,2085.802,200,linux_x86_64
exp2,registerdoc,fabric,fabric1,58,2094.828,200,linux_x86_64
exp2,registerdoc,fabric,fabric1,59,2088.091,200,linux_x86_64
exp2,registerdoc,fabric,fabric1,60,2082.649,200,linux_x86_64
exp2,registerdoc,fabric,fabric1,61,2085.741,200,linux_x86_64
exp2,registerdoc,fabric,fabric1,62,2088.683,200,linux_x86_64
exp2,registerdoc,fabric,fabric1,63,2089.287,200,linux_x86_64
exp2,registerdoc,fabric,fabric1,64,2087.402,200,linux_x86_64
exp2,registerdoc,fabric,fabric1,65,2084.022,200,linux_x86_64
exp2,registerdoc,fabric,fabric1,66,2082.999,200,linux_x86_64
exp2,registerdoc,fabric,fabric1,67,2091.926,200,linux_x86_64
exp2,registerdoc,fabric,fabric1,68,2091.362,200,linux_x86_64
exp2,registerdoc,fabric,fabric1,69,2090.246,200,linux_x86_64
exp2,registerdoc,fabric,fabric1,70,2094.062,200,linux_x86_64
exp2,registerdoc,fabric,fabric1,71,2088.687,200,linux_x86_64
exp2,registerdoc,fabric,fabric1,72,2086.911,200,linux_x86_64
exp2,registerdoc,fabric,fabric1,73,2088.821,200,linux_x86_64
exp2,registerdoc,fabric,fabric1,74,2086.961,200,linux_x86_64
exp2,registerdoc,fabric,fabric1,75,2086.654,200,linux_x86_64
exp2,registerdoc,fabric,fabric1,76,2089.105,200,linux_x86_64
exp2,registerdoc,fabric,fabric1,77,2085.3,200,linux_x86_64
exp2,registerdoc,fabric,fabric1,78,2089.371,200,linux_x86_64
exp2,registerdoc,fabric,fabric1,79,2095.922,200,linux_x86_64
exp2,registerdoc,fabric,fabric1,80,2087.435,200,linux_x86_64
exp2,registerdoc,fabric,fabric1,81,2089.852,200,linux_x86_64
exp2,registerdoc,fabric,fabric1,82,2088.342,200,linux_x86_64
exp2,registerdoc,fabric,fabric1,83,2082.463,200,linux_x86_64
exp2,registerdoc,fabric,fabric1,84,2086.206,200,linux_x86_64
exp2,registerdoc,fabric,fabric1,85,2088.516,200,linux_x86_64
exp2,registerdoc,fabric,fabric1,86,2086.615,200,linux_x86_64
exp2,registerdoc,fabric,fabric1,87,2088.39,200,linux_x86_64
exp2,registerdoc,fabric,fabric1,88,2081.088,200,linux_x86_64
exp2,registerdoc,fabric,fabric1,89,2087.093,200,linux_x86_64
exp2,registerdoc,fabric,fabric1,90,2084.238,200,linux_x86_64
exp2,registerdoc,fabric,fabric1,91,2087.866,200,linux_x86_64
exp2,registerdoc,fabric,fabric1,92,2086.382,200,linux_x86_64
exp2,registerdoc,fabric,fabric1,93,2083.176,200,linux_x86_64
exp2,registerdoc,fabric,fabric1,94,2092.913,200,linux_x86_64
exp2,registerdoc,fabric,fabric1,95,2088.681,200,linux_x86_64
exp2,registerdoc,fabric,fabric1,96,2088.29,200,linux_x86_64
exp2,registerdoc,fabric,fabric1,97,2088.961,200,linux_x86_64
exp2,registerdoc,fabric,fabric1,98,2090.406,200,linux_x86_64
exp2,registerdoc,fabric,fabric1,99,2084.328,200,linux_x86_64
exp2,registerdoc,fabric,fabric1,100,2086.491,200,linux_x86_64
exp2,registerdoc,fabric,fabric1,101,2084.562,200,linux_x86_64
exp2,registerdoc,fabric,fabric1,102,2084.107,200,linux_x86_64
exp2,registerdoc,fabric,fabric1,103,2085.659,200,linux_x86_64
exp2,registerdoc,fabric,fabric1,104,2089.241,200,linux_x86_64
exp2,registerdoc,fabric,fabric1,105,2089.498,200,linux_x86_64
exp2,registerdoc,fabric,fabric1,106,2094.439,200,linux_x86_64
exp2,registerdoc,fabric,fabric1,107,2086.389,200,linux_x86_64
exp2,registerdoc,fabric,fabric1,108,2088.635,200,linux_x86_64
exp2,registerdoc,fabric,fabric1,109,2087.704,200,linux_x86_64
exp2,registerdoc,fabric,fabric1,110,2086.473,200,linux_x86_64
exp2,registerdoc,fabric,fabric1,111,2088.194,200,linux_x86_64
exp2,registerdoc,fabric,fabric1,112,2080.114,200,linux_x86_64
exp2,registerdoc,fabric,fabric1,113,2081.011,200,linux_x86_64
exp2,registerdoc,fabric,fabric1,114,2085.628,200,linux_x86_64
exp2,registerdoc,fabric,fabric1,115,2087.801,200,linux_x86_64
exp2,registerdoc,fabric,fabric1,116,2083.436,200,linux_x86_64
exp2,registerdoc,fabric,fabric1,117,2082.423,200,linux_x86_64
exp2,registerdoc,fabric,fabric1,118,2085.56,200,linux_x86_64
exp2,registerdoc,fabric,fabric1,119,2085.897,200,linux_x86_64
exp2,registerdoc,fabric,fabric1,120,2092.903,200,linux_x86_64
