checkpoint,function,sample,doc_id,latency_ms
1000,CheckAccess,0,LG-212,8.02
1000,CheckAccess,1,LG-768,9.93
1000,CheckAccess,2,LG-81,6.51
1000,CheckAccess,3,LG-968,6.63
1000,CheckAccess,4,LG-52,7.75
1000,CheckAccess,5,LG-811,9.92
1000,CheckAccess,6,LG-721,10.40
1000,CheckAccess,7,LG-234,8.41
1000,CheckAccess,8,LG-26,10.90
1000,CheckAccess,9,LG-473,6.33
1000,CheckAccess,10,LG-87,5.77
1000,CheckAccess,11,LG-695,7.64
1000,CheckAccess,12,LG-896,10.26
1000,CheckAccess,13,LG-47,8.12
1000,CheckAccess,14,LG-915,6.69
1000,CheckAccess,15,LG-686,7.65
1000,CheckAccess,16,LG-864,5.76
1000,CheckAccess,17,LG-471,6.95
1000,CheckAccess,18,LG-890,7.68
1000,CheckAccess,19,LG-619,8.04
1000,CheckAccess,20,LG-220,5.71
1000,CheckAccess,21,LG-308,6.38
1000,CheckAccess,22,LG-950,7.54
1000,CheckAccess,23,LG-383,8.44
1000,CheckAccess,24,LG-620,6.38
1000,CheckAccess,25,LG-917,5.63
1000,CheckAccess,26,LG-578,5.86
1000,CheckAccess,27,LG-244,5.37
1000,CheckAccess,28,LG-261,6.77
1000,CheckAccess,29,LG-481,7.02
1000,CheckAccess,30,LG-116,9.18
1000,CheckAccess,31,LG-304,6.75
1000,CheckAccess,32,LG-297,5.97
1000,CheckAccess,33,LG-314,6.21
1000,CheckAccess,34,LG-228,9.80
1000,CheckAccess,35,LG-308,7.34
1000,CheckAccess,36,LG-458,9.66
1000,CheckAccess,37,LG-920,8.73
1000,CheckAccess,38,LG-652,10.51
1000,CheckAccess,39,LG-635,11.12
1000,CheckAccess,40,LG-723,10.39
1000,CheckAccess,41,LG-910,8.64
1000,CheckAccess,42,LG-806,10.02
1000,CheckAccess,43,LG-146,11.36
1000,CheckAccess,44,LG-667,8.69
1000,CheckAccess,45,LG-765,9.25
1000,CheckAccess,46,LG-526,10.41
1000,CheckAccess,47,LG-560,9.40
1000,CheckAccess,48,LG-644,7.50
1000,CheckAccess,49,LG-466,8.35
1000,CheckAccess,50,LG-143,7.84
1000,CheckAccess,51,LG-239,6.38
1000,CheckAccess,52,LG-846,8.50
1000,CheckAccess,53,LG-750,10.58
1000,CheckAccess,54,LG-632,7.44
1000,CheckAccess,55,LG-629,7.75
1000,CheckAccess,56,LG-592,6.01
1000,CheckAccess,57,LG-380,6.65
1000,CheckAccess,58,LG-616,10.27
1000,CheckAccess,59,LG-134,9.13
1000,CheckAccess,60,LG-103,7.39
1000,CheckAccess,61,LG-375,8.87
1000,CheckAccess,62,LG-792,7.75
1000,CheckAccess,63,LG-130,9.05
1000,CheckAccess,64,LG-883,7.87
1000,CheckAccess,65,LG-909,10.84
1000,CheckAccess,66,LG-284,7.69
1000,CheckAccess,67,LG-158,8.43
1000,CheckAccess,68,LG-894,10.20
1000,CheckAccess,69,LG-674,7.56
1000,CheckAccess,70,LG-1,7.81
1000,CheckAccess,71,LG-424,8.97
1000,CheckAccess,72,LG-27,7.18
1000,CheckAccess,73,LG-37,9.55
1000,CheckAccess,74,LG-644,7.36
1000,CheckAccess,75,LG-114,8.93
1000,CheckAccess,76,LG-295,8.48
1000,CheckAccess,77,LG-236,8.89
1000,CheckAccess,78,LG-288,8.80
1000,CheckAccess,79,LG-212,4.91
1000,CheckAccess,80,LG-757,6.57
1000,CheckAccess,81,LG-691,10.92
1000,CheckAccess,82,LG-288,6.05
1000,CheckAccess,83,LG-591,10.85
1000,CheckAccess,84,LG-603,10.32
1000,CheckAccess,85,LG-234,5.10
1000,CheckAccess,86,LG-127,8.25
1000,CheckAccess,87,LG-243,8.35
1000,CheckAccess,88,LG-681,6.77
1000,CheckAccess,89,LG-257,10.69
1000,CheckAccess,90,LG-971,9.56
1000,CheckAccess,91,LG-779,6.29
1000,CheckAccess,92,LG-944,7.04
1000,CheckAccess,93,LG-390,9.95
1000,CheckAccess,94,LG-903,7.96
1000,CheckAccess,95,LG-896,7.92
1000,CheckAccess,96,LG-74,8.69
1000,CheckAccess,97,LG-724,5.74
1000,CheckAccess,98,LG-763,5.49
1000,CheckAccess,99,LG-153,6.78
1000,GetDocumentHistory,0,LG-637,5.37
1000,GetDocumentHistory,1,LG-172,7.41
1000,GetDocumentHistory,2,LG-425,7.12
1000,GetDocumentHistory,3,LG-830,4.25
1000,GetDocumentHistory,4,LG-438,5.59
1000,GetDocumentHistory,5,LG-597,5.49
1000,GetDocumentHistory,6,LG-562,4.29
1000,GetDocumentHistory,7,LG-850,3.73
1000,GetDocumentHistory,8,LG-327,5.64
1000,GetDocumentHistory,9,LG-261,4.98
1000,GetDocumentHistory,10,LG-83,7.38
1000,GetDocumentHistory,11,LG-754,4.26
1000,GetDocumentHistory,12,LG-160,3.96
1000,GetDocumentHistory,13,LG-145,5.24
1000,GetDocumentHistory,14,LG-340,7.63
1000,GetDocumentHistory,15,LG-255,4.11
1000,GetDocumentHistory,16,LG-186,4.22
1000,GetDocumentHistory,17,LG-314,4.67
1000,GetDocumentHistory,18,LG-758,5.17
1000,GetDocumentHistory,19,LG-885,3.94
1000,GetDocumentHistory,20,LG-175,4.52
1000,GetDocumentHistory,21,LG-222,7.22
1000,GetDocumentHistory,22,LG-61,6.93
1000,GetDocumentHistory,23,LG-109,4.90
1000,GetDocumentHistory,24,LG-916,4.36
1000,GetDocumentHistory,25,LG-864,6.61
1000,GetDocumentHistory,26,LG-956,5.68
1000,GetDocumentHistory,27,LG-826,7.08
1000,GetDocumentHistory,28,LG-698,4.61
1000,GetDocumentHistory,29,LG-359,5.74
1000,GetDocumentHistory,30,LG-815,7.34
1000,GetDocumentHistory,31,LG-304,6.85
1000,GetDocumentHistory,32,LG-29,7.06
1000,GetDocumentHistory,33,LG-113,5.83
1000,GetDocumentHistory,34,LG-374,5.86
1000,GetDocumentHistory,35,LG-71,7.17
1000,GetDocumentHistory,36,LG-938,7.49
1000,GetDocumentHistory,37,LG-97,7.62
1000,GetDocumentHistory,38,LG-3,5.42
1000,GetDocumentHistory,39,LG-817,7.31
1000,GetDocumentHistory,40,LG-271,4.95
1000,GetDocumentHistory,41,LG-325,4.90
1000,GetDocumentHistory,42,LG-209,6.08
1000,GetDocumentHistory,43,LG-100,5.16
1000,GetDocumentHistory,44,LG-489,3.91
1000,GetDocumentHistory,45,LG-544,3.60
1000,GetDocumentHistory,46,LG-484,4.43
1000,GetDocumentHistory,47,LG-417,6.31
1000,GetDocumentHistory,48,LG-124,5.24
1000,GetDocumentHistory,49,LG-775,8.10
1000,GetDocumentHistory,50,LG-943,6.39
1000,GetDocumentHistory,51,LG-570,7.76
1000,GetDocumentHistory,52,LG-507,6.00
1000,GetDocumentHistory,53,LG-333,6.40
1000,GetDocumentHistory,54,LG-71,5.53
1000,GetDocumentHistory,55,LG-354,4.87
1000,GetDocumentHistory,56,LG-568,6.52
1000,GetDocumentHistory,57,LG-78,3.95
1000,GetDocumentHistory,58,LG-542,3.35
1000,GetDocumentHistory,59,LG-679,4.43
1000,GetDocumentHistory,60,LG-516,5.34
1000,GetDocumentHistory,61,LG-798,5.93
1000,GetDocumentHistory,62,LG-836,3.32
1000,GetDocumentHistory,63,LG-104,4.40
1000,GetDocumentHistory,64,LG-356,5.35
1000,GetDocumentHistory,65,LG-189,4.71
1000,GetDocumentHistory,66,LG-565,3.62
1000,GetDocumentHistory,67,LG-766,3.44
1000,GetDocumentHistory,68,LG-207,4.89
1000,GetDocumentHistory,69,LG-962,4.49
1000,GetDocumentHistory,70,LG-274,4.55
1000,GetDocumentHistory,71,LG-705,7.09
1000,GetDocumentHistory,72,LG-213,6.14
1000,GetDocumentHistory,73,LG-672,5.92
1000,GetDocumentHistory,74,LG-614,6.23
1000,GetDocumentHistory,75,LG-635,7.46
1000,GetDocumentHistory,76,LG-834,7.34
1000,GetDocumentHistory,77,LG-672,6.79
1000,GetDocumentHistory,78,LG-146,5.79
1000,GetDocumentHistory,79,LG-787,6.49
1000,GetDocumentHistory,80,LG-134,7.15
1000,GetDocumentHistory,81,LG-267,6.68
1000,GetDocumentHistory,82,LG-500,4.65
1000,GetDocumentHistory,83,LG-109,7.38
1000,GetDocumentHistory,84,LG-961,6.16
1000,GetDocumentHistory,85,LG-61,7.14
1000,GetDocumentHistory,86,LG-214,6.45
1000,GetDocumentHistory,87,LG-139,6.14
1000,GetDocumentHistory,88,LG-130,3.83
1000,GetDocumentHistory,89,LG-718,4.81
1000,GetDocumentHistory,90,LG-330,8.43
1000,GetDocumentHistory,91,LG-744,7.88
1000,GetDocumentHistory,92,LG-3,8.24
1000,GetDocumentHistory,93,LG-992,5.19
1000,GetDocumentHistory,94,LG-562,5.05
1000,GetDocumentHistory,95,LG-85,7.71
1000,GetDocumentHistory,96,LG-688,6.66
1000,GetDocumentHistory,97,LG-742,6.40
1000,GetDocumentHistory,98,LG-777,5.18
1000,GetDocumentHistory,99,LG-802,5.54
10000,CheckAccess,0,LG-8244,12.31
10000,CheckAccess,1,LG-2001,10.65
10000,CheckAccess,2,LG-182,8.86
10000,CheckAccess,3,LG-8166,9.69
10000,CheckAccess,4,LG-3461,7.78
10000,CheckAccess,5,LG-4943,7.57
10000,CheckAccess,6,LG-89,10.20
10000,CheckAccess,7,LG-4658,9.55
10000,CheckAccess,8,LG-3781,7.25
10000,CheckAccess,9,LG-7913,6.02
10000,CheckAccess,10,LG-1193,5.94
10000,CheckAccess,11,LG-4890,7.46
10000,CheckAccess,12,LG-9389,9.90
10000,CheckAccess,13,LG-6946,7.84
10000,CheckAccess,14,LG-2743,5.63
10000,CheckAccess,15,LG-7789,7.07
10000,CheckAccess,16,LG-9849,7.16
10000,CheckAccess,17,LG-6476,6.44
10000,CheckAccess,18,LG-6865,6.19
10000,CheckAccess,19,LG-1969,8.45
10000,CheckAccess,20,LG-5227,8.43
10000,CheckAccess,21,LG-3102,9.19
10000,CheckAccess,22,LG-8867,5.89
10000,CheckAccess,23,LG-3948,5.82
10000,CheckAccess,24,LG-7294,5.98
10000,CheckAccess,25,LG-4099,6.55
10000,CheckAccess,26,LG-6573,6.25
10000,CheckAccess,27,LG-1620,9.24
10000,CheckAccess,28,LG-1125,8.17
10000,CheckAccess,29,LG-2489,5.90
10000,CheckAccess,30,LG-1001,7.94
10000,CheckAccess,31,LG-7839,8.77
10000,CheckAccess,32,LG-8072,7.21
10000,CheckAccess,33,LG-1416,7.97
10000,CheckAccess,34,LG-1286,6.63
10000,CheckAccess,35,LG-8658,6.41
10000,CheckAccess,36,LG-2539,6.32
10000,CheckAccess,37,LG-361,5.82
10000,CheckAccess,38,LG-8753,7.01
10000,CheckAccess,39,LG-4282,6.03
10000,CheckAccess,40,LG-268,6.21
10000,CheckAccess,41,LG-4548,6.55
10000,CheckAccess,42,LG-4810,5.83
10000,CheckAccess,43,LG-265,6.45
10000,CheckAccess,44,LG-3782,6.54
10000,CheckAccess,45,LG-3296,7.14
10000,CheckAccess,46,LG-1946,8.32
10000,CheckAccess,47,LG-4176,5.49
10000,CheckAccess,48,LG-4319,7.13
10000,CheckAccess,49,LG-7819,6.27
10000,CheckAccess,50,LG-6797,5.63
10000,CheckAccess,51,LG-9615,6.14
10000,CheckAccess,52,LG-2967,6.88
10000,CheckAccess,53,LG-1876,8.88
10000,CheckAccess,54,LG-7347,7.05
10000,CheckAccess,55,LG-8932,8.84
10000,CheckAccess,56,LG-6076,6.21
10000,CheckAccess,57,LG-6940,6.70
10000,CheckAccess,58,LG-7596,7.23
10000,CheckAccess,59,LG-8681,6.82
10000,CheckAccess,60,LG-4018,8.66
10000,CheckAccess,61,LG-4843,6.87
10000,CheckAccess,62,LG-930,7.31
10000,CheckAccess,63,LG-7807,7.63
10000,CheckAccess,64,LG-5993,10.20
10000,CheckAccess,65,LG-9535,9.74
10000,CheckAccess,66,LG-3099,7.30
10000,CheckAccess,67,LG-9640,9.32
10000,CheckAccess,68,LG-3143,8.21
10000,CheckAccess,69,LG-5619,10.47
10000,CheckAccess,70,LG-597,9.52
10000,CheckAccess,71,LG-5948,6.88
10000,CheckAccess,72,LG-4376,6.40
10000,CheckAccess,73,LG-22,6.09
10000,CheckAccess,74,LG-4939,8.71
10000,CheckAccess,75,LG-7521,7.55
10000,CheckAccess,76,LG-7944,5.57
10000,CheckAccess,77,LG-2366,6.41
10000,CheckAccess,78,LG-3486,8.38
10000,CheckAccess,79,LG-6504,5.28
10000,CheckAccess,80,LG-5627,6.13
10000,CheckAccess,81,LG-1541,7.60
10000,CheckAccess,82,LG-5934,9.02
10000,CheckAccess,83,LG-6532,6.89
10000,CheckAccess,84,LG-9833,11.62
10000,CheckAccess,85,LG-5041,7.60
10000,CheckAccess,86,LG-4414,8.65
10000,CheckAccess,87,LG-6091,6.96
10000,CheckAccess,88,LG-9730,6.09
10000,CheckAccess,89,LG-2248,6.57
10000,CheckAccess,90,LG-2586,8.35
10000,CheckAccess,91,LG-4057,7.64
10000,CheckAccess,92,LG-1011,6.52
10000,CheckAccess,93,LG-9510,8.86
10000,CheckAccess,94,LG-5848,5.82
10000,CheckAccess,95,LG-9182,6.55
10000,CheckAccess,96,LG-5274,7.00
10000,CheckAccess,97,LG-4999,5.15
10000,CheckAccess,98,LG-6340,5.49
10000,CheckAccess,99,LG-5950,5.21
10000,GetDocumentHistory,0,LG-2265,4.86
10000,GetDocumentHistory,1,LG-3016,9.09
10000,GetDocumentHistory,2,LG-2578,6.11
10000,GetDocumentHistory,3,LG-3196,6.70
10000,GetDocumentHistory,4,LG-3608,6.37
10000,GetDocumentHistory,5,LG-5670,5.69
10000,GetDocumentHistory,6,LG-5351,3.53
10000,GetDocumentHistory,7,LG-3104,4.43
10000,GetDocumentHistory,8,LG-1327,7.42
10000,GetDocumentHistory,9,LG-750,6.02
10000,GetDocumentHistory,10,LG-4922,7.02
10000,GetDocumentHistory,11,LG-44,6.67
10000,GetDocumentHistory,12,LG-7248,4.76
10000,GetDocumentHistory,13,LG-4197,5.00
10000,GetDocumentHistory,14,LG-412,8.23
10000,GetDocumentHistory,15,LG-6381,5.28
10000,GetDocumentHistory,16,LG-9783,5.96
10000,GetDocumentHistory,17,LG-1652,6.72
10000,GetDocumentHistory,18,LG-5984,3.91
10000,GetDocumentHistory,19,LG-3281,4.71
10000,GetDocumentHistory,20,LG-5807,4.69
10000,GetDocumentHistory,21,LG-9446,6.29
10000,GetDocumentHistory,22,LG-2343,7.17
10000,GetDocumentHistory,23,LG-9931,4.90
10000,GetDocumentHistory,24,LG-3493,4.37
10000,GetDocumentHistory,25,LG-1269,3.91
10000,GetDocumentHistory,26,LG-4100,3.64
10000,GetDocumentHistory,27,LG-6309,3.71
10000,GetDocumentHistory,28,LG-8700,3.48
10000,GetDocumentHistory,29,LG-3556,4.06
10000,GetDocumentHistory,30,LG-192,4.07
10000,GetDocumentHistory,31,LG-876,3.87
10000,GetDocumentHistory,32,LG-1,4.26
10000,GetDocumentHistory,33,LG-6034,7.45
10000,GetDocumentHistory,34,LG-5607,6.33
10000,GetDocumentHistory,35,LG-873,7.49
10000,GetDocumentHistory,36,LG-6677,6.70
10000,GetDocumentHistory,37,LG-2753,4.96
10000,GetDocumentHistory,38,LG-2469,4.50
10000,GetDocumentHistory,39,LG-4978,6.16
10000,GetDocumentHistory,40,LG-2872,5.83
10000,GetDocumentHistory,41,LG-5699,5.29
10000,GetDocumentHistory,42,LG-3958,6.47
10000,GetDocumentHistory,43,LG-9512,5.32
10000,GetDocumentHistory,44,LG-3471,7.90
10000,GetDocumentHistory,45,LG-8298,5.78
10000,GetDocumentHistory,46,LG-5347,7.35
10000,GetDocumentHistory,47,LG-5549,6.84
10000,GetDocumentHistory,48,LG-917,4.93
10000,GetDocumentHistory,49,LG-1112,5.82
10000,GetDocumentHistory,50,LG-4834,5.55
10000,GetDocumentHistory,51,LG-1323,7.24
10000,GetDocumentHistory,52,LG-468,7.25
10000,GetDocumentHistory,53,LG-6260,5.15
10000,GetDocumentHistory,54,LG-6425,5.66
10000,GetDocumentHistory,55,LG-6301,7.00
10000,GetDocumentHistory,56,LG-2141,7.29
10000,GetDocumentHistory,57,LG-3684,5.18
10000,GetDocumentHistory,58,LG-4293,7.10
10000,GetDocumentHistory,59,LG-4817,5.09
10000,GetDocumentHistory,60,LG-4456,6.65
10000,GetDocumentHistory,61,LG-3646,6.49
10000,GetDocumentHistory,62,LG-4611,5.02
10000,GetDocumentHistory,63,LG-4026,7.29
10000,GetDocumentHistory,64,LG-6681,7.15
10000,GetDocumentHistory,65,LG-3642,5.38
10000,GetDocumentHistory,66,LG-9388,4.55
10000,GetDocumentHistory,67,LG-4777,5.48
10000,GetDocumentHistory,68,LG-1681,4.89
10000,GetDocumentHistory,69,LG-5994,4.83
10000,GetDocumentHistory,70,LG-8682,5.69
10000,GetDocumentHistory,71,LG-7525,7.00
10000,GetDocumentHistory,72,LG-6432,9.39
10000,GetDocumentHistory,73,LG-6692,6.19
10000,GetDocumentHistory,74,LG-6090,6.35
10000,GetDocumentHistory,75,LG-7572,7.17
10000,GetDocumentHistory,76,LG-727,3.87
10000,GetDocumentHistory,77,LG-5271,3.85
10000,GetDocumentHistory,78,LG-958,5.12
10000,GetDocumentHistory,79,LG-7586,5.18
10000,GetDocumentHistory,80,LG-1387,6.45
10000,GetDocumentHistory,81,LG-7915,7.57
10000,GetDocumentHistory,82,LG-2116,5.39
10000,GetDocumentHistory,83,LG-7443,3.78
10000,GetDocumentHistory,84,LG-2804,4.37
10000,GetDocumentHistory,85,LG-2374,7.23
10000,GetDocumentHistory,86,LG-1355,8.36
10000,GetDocumentHistory,87,LG-5468,6.36
10000,GetDocumentHistory,88,LG-392,8.04
10000,GetDocumentHistory,89,LG-4718,6.51
10000,GetDocumentHistory,90,LG-7843,8.17
10000,GetDocumentHistory,91,LG-8586,7.17
10000,GetDocumentHistory,92,LG-3713,8.35
10000,GetDocumentHistory,93,LG-626,6.40
10000,GetDocumentHistory,94,LG-3038,5.24
10000,GetDocumentHistory,95,LG-8793,5.60
10000,GetDocumentHistory,96,LG-6520,4.26
10000,GetDocumentHistory,97,LG-7052,5.42
10000,GetDocumentHistory,98,LG-1178,8.94
10000,GetDocumentHistory,99,LG-9336,5.68
100000,CheckAccess,0,LG-2300,7.46
100000,CheckAccess,1,LG-38899,7.95
100000,CheckAccess,2,LG-20391,9.71
100000,CheckAccess,3,LG-97498,10.87
100000,CheckAccess,4,LG-28140,9.36
100000,CheckAccess,5,LG-95486,6.33
100000,CheckAccess,6,LG-58836,7.97
100000,CheckAccess,7,LG-5446,11.41
100000,CheckAccess,8,LG-54501,11.02
100000,CheckAccess,9,LG-31037,7.68
100000,CheckAccess,10,LG-16110,7.42
100000,CheckAccess,11,LG-88617,6.30
100000,CheckAccess,12,LG-39379,7.05
100000,CheckAccess,13,LG-83490,8.29
100000,CheckAccess,14,LG-39040,6.74
100000,CheckAccess,15,LG-91423,8.16
100000,CheckAccess,16,LG-2344,5.87
100000,CheckAccess,17,LG-43166,8.39
100000,CheckAccess,18,LG-33104,7.15
100000,CheckAccess,19,LG-28188,5.93
100000,CheckAccess,20,LG-38648,5.89
100000,CheckAccess,21,LG-60427,9.03
100000,CheckAccess,22,LG-86016,8.37
100000,CheckAccess,23,LG-38595,9.24
100000,CheckAccess,24,LG-4090,7.00
100000,CheckAccess,25,LG-62620,8.98
100000,CheckAccess,26,LG-24215,7.05
100000,CheckAccess,27,LG-58743,8.45
100000,CheckAccess,28,LG-75593,10.90
100000,CheckAccess,29,LG-94331,9.48
100000,CheckAccess,30,LG-13122,8.18
100000,CheckAccess,31,LG-27501,8.96
100000,CheckAccess,32,LG-73286,6.08
100000,CheckAccess,33,LG-81621,6.50
100000,CheckAccess,34,LG-27876,6.51
100000,CheckAccess,35,LG-3144,7.03
100000,CheckAccess,36,LG-74077,10.80
100000,CheckAccess,37,LG-58757,6.51
100000,CheckAccess,38,LG-39137,7.26
100000,CheckAccess,39,LG-29332,8.65
100000,CheckAccess,40,LG-6187,6.09
100000,CheckAccess,41,LG-63446,7.39
100000,CheckAccess,42,LG-87578,6.91
100000,CheckAccess,43,LG-17739,7.27
100000,CheckAccess,44,LG-87636,6.92
100000,CheckAccess,45,LG-29923,5.51
100000,CheckAccess,46,LG-81924,5.85
100000,CheckAccess,47,LG-69352,5.46
100000,CheckAccess,48,LG-82902,6.61
100000,CheckAccess,49,LG-59102,7.45
100000,CheckAccess,50,LG-97711,5.20
100000,CheckAccess,51,LG-39294,6.53
100000,CheckAccess,52,LG-30454,8.18
100000,CheckAccess,53,LG-63307,5.49
100000,CheckAccess,54,LG-89148,5.67
100000,CheckAccess,55,LG-69451,6.01
100000,CheckAccess,56,LG-73740,8.32
100000,CheckAccess,57,LG-30973,6.86
100000,CheckAccess,58,LG-10561,7.86
100000,CheckAccess,59,LG-69566,8.51
100000,CheckAccess,60,LG-44255,8.14
100000,CheckAccess,61,LG-55106,7.39
100000,CheckAccess,62,LG-72194,9.72
100000,CheckAccess,63,LG-40818,8.06
100000,CheckAccess,64,LG-62294,7.14
100000,CheckAccess,65,LG-30026,7.18
100000,CheckAccess,66,LG-50368,6.67
100000,CheckAccess,67,LG-87461,6.30
100000,CheckAccess,68,LG-50431,11.13
100000,CheckAccess,69,LG-72309,9.64
100000,CheckAccess,70,LG-59562,10.08
100000,CheckAccess,71,LG-20064,7.06
100000,CheckAccess,72,LG-34286,7.38
100000,CheckAccess,73,LG-26113,8.35
100000,CheckAccess,74,LG-60982,6.65
100000,CheckAccess,75,LG-39672,8.24
100000,CheckAccess,76,LG-18498,7.00
100000,CheckAccess,77,LG-74894,7.58
100000,CheckAccess,78,LG-83514,7.83
100000,CheckAccess,79,LG-25091,9.65
100000,CheckAccess,80,LG-61034,9.09
100000,CheckAccess,81,LG-52304,7.95
100000,CheckAccess,82,LG-12952,6.00
100000,CheckAccess,83,LG-70060,6.87
100000,CheckAccess,84,LG-64925,9.30
100000,CheckAccess,85,LG-17621,9.37
100000,CheckAccess,86,LG-86411,8.94
100000,CheckAccess,87,LG-70482,7.74
100000,CheckAccess,88,LG-47017,9.70
100000,CheckAccess,89,LG-44921,6.18
100000,CheckAccess,90,LG-45959,6.12
100000,CheckAccess,91,LG-46848,7.02
100000,CheckAccess,92,LG-14422,9.51
100000,CheckAccess,93,LG-45705,10.70
100000,CheckAccess,94,LG-58500,9.81
100000,CheckAccess,95,LG-1036,10.49
100000,CheckAccess,96,LG-86613,9.36
100000,CheckAccess,97,LG-44126,7.68
100000,CheckAccess,98,LG-76378,6.84
100000,CheckAccess,99,LG-43147,5.74
100000,GetDocumentHistory,0,LG-99190,6.01
100000,GetDocumentHistory,1,LG-96530,6.81
100000,GetDocumentHistory,2,LG-65693,6.26
100000,GetDocumentHistory,3,LG-26217,5.65
100000,GetDocumentHistory,4,LG-81276,4.76
100000,GetDocumentHistory,5,LG-75304,4.96
100000,GetDocumentHistory,6,LG-29027,5.21
100000,GetDocumentHistory,7,LG-43566,6.39
100000,GetDocumentHistory,8,LG-55020,7.41
100000,GetDocumentHistory,9,LG-80721,6.34
100000,GetDocumentHistory,10,LG-98121,3.88
100000,GetDocumentHistory,11,LG-43993,7.36
100000,GetDocumentHistory,12,LG-55952,4.46
100000,GetDocumentHistory,13,LG-98485,3.92
100000,GetDocumentHistory,14,LG-96217,6.08
100000,GetDocumentHistory,15,LG-39355,5.32
100000,GetDocumentHistory,16,LG-51678,5.55
100000,GetDocumentHistory,17,LG-42262,8.22
100000,GetDocumentHistory,18,LG-56555,4.92
100000,GetDocumentHistory,19,LG-17737,4.89
100000,GetDocumentHistory,20,LG-69238,5.27
100000,GetDocumentHistory,21,LG-48957,5.04
100000,GetDocumentHistory,22,LG-46986,7.94
100000,GetDocumentHistory,23,LG-83406,5.09
100000,GetDocumentHistory,24,LG-86884,4.91
100000,GetDocumentHistory,25,LG-62196,5.46
100000,GetDocumentHistory,26,LG-95722,5.40
100000,GetDocumentHistory,27,LG-14600,5.24
100000,GetDocumentHistory,28,LG-94899,6.90
100000,GetDocumentHistory,29,LG-63306,7.93
100000,GetDocumentHistory,30,LG-78130,7.82
100000,GetDocumentHistory,31,LG-5358,8.14
100000,GetDocumentHistory,32,LG-5734,7.61
100000,GetDocumentHistory,33,LG-39651,8.19
100000,GetDocumentHistory,34,LG-28258,8.05
100000,GetDocumentHistory,35,LG-63746,5.24
100000,GetDocumentHistory,36,LG-86260,5.18
100000,GetDocumentHistory,37,LG-61928,7.36
100000,GetDocumentHistory,38,LG-90225,7.70
100000,GetDocumentHistory,39,LG-26740,7.23
100000,GetDocumentHistory,40,LG-29997,4.27
100000,GetDocumentHistory,41,LG-2379,4.03
100000,GetDocumentHistory,42,LG-72570,4.04
100000,GetDocumentHistory,43,LG-62925,5.17
100000,GetDocumentHistory,44,LG-35649,7.34
100000,GetDocumentHistory,45,LG-53623,6.20
100000,GetDocumentHistory,46,LG-6920,7.72
100000,GetDocumentHistory,47,LG-52683,7.34
100000,GetDocumentHistory,48,LG-32047,5.67
100000,GetDocumentHistory,49,LG-90029,6.49
100000,GetDocumentHistory,50,LG-19834,6.76
100000,GetDocumentHistory,51,LG-86087,3.56
100000,GetDocumentHistory,52,LG-51506,4.73
100000,GetDocumentHistory,53,LG-28824,7.12
100000,GetDocumentHistory,54,LG-47435,8.38
100000,GetDocumentHistory,55,LG-81842,7.86
100000,GetDocumentHistory,56,LG-67993,7.38
100000,GetDocumentHistory,57,LG-9734,7.45
100000,GetDocumentHistory,58,LG-8704,5.81
100000,GetDocumentHistory,59,LG-75181,5.08
100000,GetDocumentHistory,60,LG-90934,4.86
100000,GetDocumentHistory,61,LG-85053,5.17
100000,GetDocumentHistory,62,LG-40579,8.29
100000,GetDocumentHistory,63,LG-8315,4.94
100000,GetDocumentHistory,64,LG-42632,6.48
100000,GetDocumentHistory,65,LG-31044,7.91
100000,GetDocumentHistory,66,LG-61764,5.51
100000,GetDocumentHistory,67,LG-36339,8.13
100000,GetDocumentHistory,68,LG-59832,6.11
100000,GetDocumentHistory,69,LG-23504,4.62
100000,GetDocumentHistory,70,LG-91612,3.80
100000,GetDocumentHistory,71,LG-97550,5.26
100000,GetDocumentHistory,72,LG-77628,7.44
100000,GetDocumentHistory,73,LG-35742,6.79
100000,GetDocumentHistory,74,LG-58863,4.23
100000,GetDocumentHistory,75,LG-35887,5.32
100000,GetDocumentHistory,76,LG-94277,6.38
100000,GetDocumentHistory,77,LG-47441,5.10
100000,GetDocumentHistory,78,LG-47320,5.29
100000,GetDocumentHistory,79,LG-26636,5.20
100000,GetDocumentHistory,80,LG-953,5.81
100000,GetDocumentHistory,81,LG-65196,8.10
100000,GetDocumentHistory,82,LG-13109,6.91
100000,GetDocumentHistory,83,LG-40316,4.60
100000,GetDocumentHistory,84,LG-1170,7.97
100000,GetDocumentHistory,85,LG-62867,8.20
100000,GetDocumentHistory,86,LG-52200,8.72
100000,GetDocumentHistory,87,LG-35316,6.82
100000,GetDocumentHistory,88,LG-9,6.50
100000,GetDocumentHistory,89,LG-33278,5.66
100000,GetDocumentHistory,90,LG-19686,5.89
100000,GetDocumentHistory,91,LG-16607,8.31
100000,GetDocumentHistory,92,LG-54732,6.68
100000,GetDocumentHistory,93,LG-9235,7.72
100000,GetDocumentHistory,94,LG-29679,5.62
100000,GetDocumentHistory,95,LG-35844,5.61
100000,GetDocumentHistory,96,LG-57724,5.29
100000,GetDocumentHistory,97,LG-98870,4.46
100000,GetDocumentHistory,98,LG-27664,5.06
100000,GetDocumentHistory,99,LG-14189,8.45
1000000,CheckAccess,0,LG-542044,7.96
1000000,CheckAccess,1,LG-236904,8.98
1000000,CheckAccess,2,LG-560064,8.43
1000000,CheckAccess,3,LG-379626,12.83
1000000,CheckAccess,4,LG-651804,11.48
1000000,CheckAccess,5,LG-599946,7.28
1000000,CheckAccess,6,LG-659949,9.52
1000000,CheckAccess,7,LG-487037,11.44
1000000,CheckAccess,8,LG-149919,7.79
1000000,CheckAccess,9,LG-379915,7.92
1000000,CheckAccess,10,LG-99580,7.94
1000000,CheckAccess,11,LG-269682,7.26
1000000,CheckAccess,12,LG-897418,9.07
1000000,CheckAccess,13,LG-13301,11.45
1000000,CheckAccess,14,LG-82908,9.88
1000000,CheckAccess,15,LG-508524,8.40
1000000,CheckAccess,16,LG-980213,10.05
1000000,CheckAccess,17,LG-898157,9.90
1000000,CheckAccess,18,LG-503705,10.36
1000000,CheckAccess,19,LG-122855,7.94
1000000,CheckAccess,20,LG-781757,7.38
1000000,CheckAccess,21,LG-332013,8.48
1000000,CheckAccess,22,LG-680528,12.11
1000000,CheckAccess,23,LG-160345,11.12
1000000,CheckAccess,24,LG-976626,7.20
1000000,CheckAccess,25,LG-949538,6.84
1000000,CheckAccess,26,LG-77173,8.21
1000000,CheckAccess,27,LG-239217,9.77
1000000,CheckAccess,28,LG-803991,7.05
1000000,CheckAccess,29,LG-203440,7.83
1000000,CheckAccess,30,LG-31878,7.77
1000000,CheckAccess,31,LG-116814,9.60
1000000,CheckAccess,32,LG-263271,10.01
1000000,CheckAccess,33,LG-127412,9.60
1000000,CheckAccess,34,LG-849028,7.72
1000000,CheckAccess,35,LG-954162,8.73
1000000,CheckAccess,36,LG-862502,7.17
1000000,CheckAccess,37,LG-702348,6.09
1000000,CheckAccess,38,LG-277345,6.43
1000000,CheckAccess,39,LG-428287,7.24
1000000,CheckAccess,40,LG-728782,10.48
1000000,CheckAccess,41,LG-580365,9.40
1000000,CheckAccess,42,LG-662787,7.19
1000000,CheckAccess,43,LG-256957,7.97
1000000,CheckAccess,44,LG-681380,7.55
1000000,CheckAccess,45,LG-580642,8.40
1000000,CheckAccess,46,LG-626922,7.21
1000000,CheckAccess,47,LG-119580,7.54
1000000,CheckAccess,48,LG-756382,7.91
1000000,CheckAccess,49,LG-523654,6.65
1000000,CheckAccess,50,LG-981138,8.79
1000000,CheckAccess,51,LG-738320,10.67
1000000,CheckAccess,52,LG-878990,9.09
1000000,CheckAccess,53,LG-80713,12.76
1000000,CheckAccess,54,LG-481985,14.39
1000000,CheckAccess,55,LG-565713,11.93
1000000,CheckAccess,56,LG-859527,10.96
1000000,CheckAccess,57,LG-565602,7.97
1000000,CheckAccess,58,LG-393064,11.16
1000000,CheckAccess,59,LG-111858,9.92
1000000,CheckAccess,60,LG-716232,6.63
1000000,CheckAccess,61,LG-108531,10.40
1000000,CheckAccess,62,LG-45171,7.97
1000000,CheckAccess,63,LG-853504,11.23
1000000,CheckAccess,64,LG-866867,9.99
1000000,CheckAccess,65,LG-714315,7.99
1000000,CheckAccess,66,LG-78049,7.57
1000000,CheckAccess,67,LG-13990,9.02
1000000,CheckAccess,68,LG-654713,8.81
1000000,CheckAccess,69,LG-189367,7.28
1000000,CheckAccess,70,LG-804243,7.35
1000000,CheckAccess,71,LG-437028,7.27
1000000,CheckAccess,72,LG-37616,8.67
1000000,CheckAccess,73,LG-32712,8.33
1000000,CheckAccess,74,LG-346063,10.08
1000000,CheckAccess,75,LG-682997,7.32
1000000,CheckAccess,76,LG-4783,7.50
1000000,CheckAccess,77,LG-665265,8.42
1000000,CheckAccess,78,LG-532903,6.39
1000000,CheckAccess,79,LG-564173,6.89
1000000,CheckAccess,80,LG-448530,8.60
1000000,CheckAccess,81,LG-444265,9.58
1000000,CheckAccess,82,LG-123043,9.74
1000000,CheckAccess,83,LG-989680,7.39
1000000,CheckAccess,84,LG-368218,6.79
1000000,CheckAccess,85,LG-337765,7.84
1000000,CheckAccess,86,LG-243459,9.88
1000000,CheckAccess,87,LG-583429,8.10
1000000,CheckAccess,88,LG-628950,8.66
1000000,CheckAccess,89,LG-633892,8.88
1000000,CheckAccess,90,LG-433902,10.57
1000000,CheckAccess,91,LG-466769,8.60
1000000,CheckAccess,92,LG-396889,9.43
1000000,CheckAccess,93,LG-96911,8.63
1000000,CheckAccess,94,LG-451772,8.36
1000000,CheckAccess,95,LG-751999,8.20
1000000,CheckAccess,96,LG-403426,11.22
1000000,CheckAccess,97,LG-649262,10.96
1000000,CheckAccess,98,LG-261653,11.48
1000000,CheckAccess,99,LG-144095,10.26
1000000,GetDocumentHistory,0,LG-878115,5.85
1000000,GetDocumentHistory,1,LG-348292,7.77
1000000,GetDocumentHistory,2,LG-74173,5.08
1000000,GetDocumentHistory,3,LG-697439,7.75
1000000,GetDocumentHistory,4,LG-993955,6.14
1000000,GetDocumentHistory,5,LG-187011,5.50
1000000,GetDocumentHistory,6,LG-176938,10.44
1000000,GetDocumentHistory,7,LG-96686,10.61
1000000,GetDocumentHistory,8,LG-118156,7.23
1000000,GetDocumentHistory,9,LG-619243,6.17
1000000,GetDocumentHistory,10,LG-733381,7.42
1000000,GetDocumentHistory,11,LG-993552,7.28
1000000,GetDocumentHistory,12,LG-484489,9.16
1000000,GetDocumentHistory,13,LG-917560,8.16
1000000,GetDocumentHistory,14,LG-47852,10.28
1000000,GetDocumentHistory,15,LG-10876,7.22
1000000,GetDocumentHistory,16,LG-92634,6.72
1000000,GetDocumentHistory,17,LG-142217,5.78
1000000,GetDocumentHistory,18,LG-980434,8.20
1000000,GetDocumentHistory,19,LG-143800,8.20
1000000,GetDocumentHistory,20,LG-968714,5.44
1000000,GetDocumentHistory,21,LG-99268,7.01
1000000,GetDocumentHistory,22,LG-884269,7.26
1000000,GetDocumentHistory,23,LG-77407,4.75
1000000,GetDocumentHistory,24,LG-664852,5.47
1000000,GetDocumentHistory,25,LG-139952,8.12
1000000,GetDocumentHistory,26,LG-273673,6.51
1000000,GetDocumentHistory,27,LG-678104,7.15
1000000,GetDocumentHistory,28,LG-877067,5.58
1000000,GetDocumentHistory,29,LG-510937,7.55
1000000,GetDocumentHistory,30,LG-779146,9.27
1000000,GetDocumentHistory,31,LG-460316,9.12
1000000,GetDocumentHistory,32,LG-6448,10.28
1000000,GetDocumentHistory,33,LG-970807,6.21
1000000,GetDocumentHistory,34,LG-532196,6.06
1000000,GetDocumentHistory,35,LG-762272,4.43
1000000,GetDocumentHistory,36,LG-837089,5.09
1000000,GetDocumentHistory,37,LG-671144,4.96
1000000,GetDocumentHistory,38,LG-854752,6.24
1000000,GetDocumentHistory,39,LG-94430,6.17
1000000,GetDocumentHistory,40,LG-401191,8.37
1000000,GetDocumentHistory,41,LG-693032,7.33
1000000,GetDocumentHistory,42,LG-214875,6.72
1000000,GetDocumentHistory,43,LG-203629,7.15
1000000,GetDocumentHistory,44,LG-91029,9.65
1000000,GetDocumentHistory,45,LG-810818,6.30
1000000,GetDocumentHistory,46,LG-312524,8.14
1000000,GetDocumentHistory,47,LG-375648,4.51
1000000,GetDocumentHistory,48,LG-363833,4.85
1000000,GetDocumentHistory,49,LG-797682,8.00
1000000,GetDocumentHistory,50,LG-615467,4.61
1000000,GetDocumentHistory,51,LG-920825,5.22
1000000,GetDocumentHistory,52,LG-681996,5.80
1000000,GetDocumentHistory,53,LG-374081,5.44
1000000,GetDocumentHistory,54,LG-833421,5.20
1000000,GetDocumentHistory,55,LG-284882,5.33
1000000,GetDocumentHistory,56,LG-323897,8.32
1000000,GetDocumentHistory,57,LG-728898,6.47
1000000,GetDocumentHistory,58,LG-62417,6.12
1000000,GetDocumentHistory,59,LG-84124,4.16
1000000,GetDocumentHistory,60,LG-517896,5.38
1000000,GetDocumentHistory,61,LG-811818,7.05
1000000,GetDocumentHistory,62,LG-963307,6.97
1000000,GetDocumentHistory,63,LG-200754,8.28
1000000,GetDocumentHistory,64,LG-519538,5.23
1000000,GetDocumentHistory,65,LG-385920,6.52
1000000,GetDocumentHistory,66,LG-839915,6.62
1000000,GetDocumentHistory,67,LG-590261,5.08
1000000,GetDocumentHistory,68,LG-529661,4.88
1000000,GetDocumentHistory,69,LG-69235,6.27
1000000,GetDocumentHistory,70,LG-991881,4.93
1000000,GetDocumentHistory,71,LG-738213,5.79
1000000,GetDocumentHistory,72,LG-979813,8.18
1000000,GetDocumentHistory,73,LG-544392,5.94
1000000,GetDocumentHistory,74,LG-612013,8.75
1000000,GetDocumentHistory,75,LG-959341,9.59
1000000,GetDocumentHistory,76,LG-656858,7.24
1000000,GetDocumentHistory,77,LG-350012,7.20
1000000,GetDocumentHistory,78,LG-683047,9.62
1000000,GetDocumentHistory,79,LG-20121,7.56
1000000,GetDocumentHistory,80,LG-63678,5.22
1000000,GetDocumentHistory,81,LG-95833,6.89
1000000,GetDocumentHistory,82,LG-76751,7.09
1000000,GetDocumentHistory,83,LG-757439,9.10
1000000,GetDocumentHistory,84,LG-890511,9.36
1000000,GetDocumentHistory,85,LG-795792,7.25
1000000,GetDocumentHistory,86,LG-405959,7.28
1000000,GetDocumentHistory,87,LG-42961,9.05
1000000,GetDocumentHistory,88,LG-819384,9.20
1000000,GetDocumentHistory,89,LG-841000,8.99
1000000,GetDocumentHistory,90,LG-506999,9.38
1000000,GetDocumentHistory,91,LG-399964,7.85
1000000,GetDocumentHistory,92,LG-10417,7.32
1000000,GetDocumentHistory,93,LG-143452,7.12
1000000,GetDocumentHistory,94,LG-998533,6.19
1000000,GetDocumentHistory,95,LG-733300,8.52
1000000,GetDocumentHistory,96,LG-4366,9.89
1000000,GetDocumentHistory,97,LG-52136,7.92
1000000,GetDocumentHistory,98,LG-960111,6.15
1000000,GetDocumentHistory,99,LG-837131,8.25
