experiment,operation,trial,runtime,platform,user_agent,node_version,browser_name,browser_version,input_size_bytes,latency_ms,output_size_bytes,notes
exp6_crypto,pbkdf2_sha256_600k_aes256,1,node-webcrypto,Linux 7.0.0-30-generic x64,Node.js v22.22.1 (linux; x64) crypto.webcrypto.subtle,v22.22.1,n/a,n/a,32,156.73707,32,"Playwright/Puppeteer not installed; used Node.js crypto.webcrypto.subtle fallback. 600000 iterations, 32-byte salt, 256-bit output."
exp6_crypto,pbkdf2_sha256_600k_aes256,2,node-webcrypto,Linux 7.0.0-30-generic x64,Node.js v22.22.1 (linux; x64) crypto.webcrypto.subtle,v22.22.1,n/a,n/a,32,158.036918,32,"Playwright/Puppeteer not installed; used Node.js crypto.webcrypto.subtle fallback. 600000 iterations, 32-byte salt, 256-bit output."
exp6_crypto,pbkdf2_sha256_600k_aes256,3,node-webcrypto,Linux 7.0.0-30-generic x64,Node.js v22.22.1 (linux; x64) crypto.webcrypto.subtle,v22.22.1,n/a,n/a,32,145.990894,32,"Playwright/Puppeteer not installed; used Node.js crypto.webcrypto.subtle fallback. 600000 iterations, 32-byte salt, 256-bit output."
exp6_crypto,pbkdf2_sha256_600k_aes256,4,node-webcrypto,Linux 7.0.0-30-generic x64,Node.js v22.22.1 (linux; x64) crypto.webcrypto.subtle,v22.22.1,n/a,n/a,32,149.345801,32,"Playwright/Puppeteer not installed; used Node.js crypto.webcrypto.subtle fallback. 600000 iterations, 32-byte salt, 256-bit output."
exp6_crypto,pbkdf2_sha256_600k_aes256,5,node-webcrypto,Linux 7.0.0-30-generic x64,Node.js v22.22.1 (linux; x64) crypto.webcrypto.subtle,v22.22.1,n/a,n/a,32,151.825523,32,"Playwright/Puppeteer not installed; used Node.js crypto.webcrypto.subtle fallback. 600000 iterations, 32-byte salt, 256-bit output."
exp6_crypto,pbkdf2_sha256_600k_aes256,6,node-webcrypto,Linux 7.0.0-30-generic x64,Node.js v22.22.1 (linux; x64) crypto.webcrypto.subtle,v22.22.1,n/a,n/a,32,157.521215,32,"Playwright/Puppeteer not installed; used Node.js crypto.webcrypto.subtle fallback. 600000 iterations, 32-byte salt, 256-bit output."
exp6_crypto,pbkdf2_sha256_600k_aes256,7,node-webcrypto,Linux 7.0.0-30-generic x64,Node.js v22.22.1 (linux; x64) crypto.webcrypto.subtle,v22.22.1,n/a,n/a,32,139.750822,32,"Playwright/Puppeteer not installed; used Node.js crypto.webcrypto.subtle fallback. 600000 iterations, 32-byte salt, 256-bit output."
exp6_crypto,pbkdf2_sha256_600k_aes256,8,node-webcrypto,Linux 7.0.0-30-generic x64,Node.js v22.22.1 (linux; x64) crypto.webcrypto.subtle,v22.22.1,n/a,n/a,32,143.28027,32,"Playwright/Puppeteer not installed; used Node.js crypto.webcrypto.subtle fallback. 600000 iterations, 32-byte salt, 256-bit output."
exp6_crypto,pbkdf2_sha256_600k_aes256,9,node-webcrypto,Linux 7.0.0-30-generic x64,Node.js v22.22.1 (linux; x64) crypto.webcrypto.subtle,v22.22.1,n/a,n/a,32,152.21949,32,"Playwright/Puppeteer not installed; used Node.js crypto.webcrypto.subtle fallback. 600000 iterations, 32-byte salt, 256-bit output."
exp6_crypto,pbkdf2_sha256_600k_aes256,10,node-webcrypto,Linux 7.0.0-30-generic x64,Node.js v22.22.1 (linux; x64) crypto.webcrypto.subtle,v22.22.1,n/a,n/a,32,157.55719,32,"Playwright/Puppeteer not installed; used Node.js crypto.webcrypto.subtle fallback. 600000 iterations, 32-byte salt, 256-bit output."
exp6_crypto,ecdh_p256_keygen,1,node-webcrypto,Linux 7.0.0-30-generic x64,Node.js v22.22.1 (linux; x64) crypto.webcrypto.subtle,v22.22.1,n/a,n/a,0,0.579211,0,Playwright/Puppeteer not installed; used Node.js crypto.webcrypto.subtle fallback.
exp6_crypto,ecdh_p256_keygen,2,node-webcrypto,Linux 7.0.0-30-generic x64,Node.js v22.22.1 (linux; x64) crypto.webcrypto.subtle,v22.22.1,n/a,n/a,0,0.255452,0,Playwright/Puppeteer not installed; used Node.js crypto.webcrypto.subtle fallback.
exp6_crypto,ecdh_p256_keygen,3,node-webcrypto,Linux 7.0.0-30-generic x64,Node.js v22.22.1 (linux; x64) crypto.webcrypto.subtle,v22.22.1,n/a,n/a,0,0.525937,0,Playwright/Puppeteer not installed; used Node.js crypto.webcrypto.subtle fallback.
exp6_crypto,ecdh_p256_keygen,4,node-webcrypto,Linux 7.0.0-30-generic x64,Node.js v22.22.1 (linux; x64) crypto.webcrypto.subtle,v22.22.1,n/a,n/a,0,0.298976,0,Playwright/Puppeteer not installed; used Node.js crypto.webcrypto.subtle fallback.
exp6_crypto,ecdh_p256_keygen,5,node-webcrypto,Linux 7.0.0-30-generic x64,Node.js v22.22.1 (linux; x64) crypto.webcrypto.subtle,v22.22.1,n/a,n/a,0,0.262331,0,Playwright/Puppeteer not installed; used Node.js crypto.webcrypto.subtle fallback.
exp6_crypto,ecdh_p256_keygen,6,node-webcrypto,Linux 7.0.0-30-generic x64,Node.js v22.22.1 (linux; x64) crypto.webcrypto.subtle,v22.22.1,n/a,n/a,0,0.246916,0,Playwright/Puppeteer not installed; used Node.js crypto.webcrypto.subtle fallback.
exp6_crypto,ecdh_p256_keygen,7,node-webcrypto,Linux 7.0.0-30-generic x64,Node.js v22.22.1 (linux; x64) crypto.webcrypto.subtle,v22.22.1,n/a,n/a,0,0.188467,0,Playwright/Puppeteer not installed; used Node.js crypto.webcrypto.subtle fallback.
exp6_crypto,ecdh_p256_keygen,8,node-webcrypto,Linux 7.0.0-30-generic x64,Node.js v22.22.1 (linux; x64) crypto.webcrypto.subtle,v22.22.1,n/a,n/a,0,0.123286,0,Playwright/Puppeteer not installed; used Node.js crypto.webcrypto.subtle fallback.
exp6_crypto,ecdh_p256_keygen,9,node-webcrypto,Linux 7.0.0-30-generic x64,Node.js v22.22.1 (linux; x64) crypto.webcrypto.subtle,v22.22.1,n/a,n/a,0,0.153501,0,Playwright/Puppeteer not installed; used Node.js crypto.webcrypto.subtle fallback.
exp6_crypto,ecdh_p256_keygen,10,node-webcrypto,Linux 7.0.0-30-generic x64,Node.js v22.22.1 (linux; x64) crypto.webcrypto.subtle,v22.22.1,n/a,n/a,0,0.121085,0,Playwright/Puppeteer not installed; used Node.js crypto.webcrypto.subtle fallback.
exp6_crypto,ecdsa_p256_keygen,1,node-webcrypto,Linux 7.0.0-30-generic x64,Node.js v22.22.1 (linux; x64) crypto.webcrypto.subtle,v22.22.1,n/a,n/a,0,0.377735,0,Playwright/Puppeteer not installed; used Node.js crypto.webcrypto.subtle fallback.
exp6_crypto,ecdsa_p256_keygen,2,node-webcrypto,Linux 7.0.0-30-generic x64,Node.js v22.22.1 (linux; x64) crypto.webcrypto.subtle,v22.22.1,n/a,n/a,0,0.149181,0,Playwright/Puppeteer not installed; used Node.js crypto.webcrypto.subtle fallback.
exp6_crypto,ecdsa_p256_keygen,3,node-webcrypto,Linux 7.0.0-30-generic x64,Node.js v22.22.1 (linux; x64) crypto.webcrypto.subtle,v22.22.1,n/a,n/a,0,0.115598,0,Playwright/Puppeteer not installed; used Node.js crypto.webcrypto.subtle fallback.
exp6_crypto,ecdsa_p256_keygen,4,node-webcrypto,Linux 7.0.0-30-generic x64,Node.js v22.22.1 (linux; x64) crypto.webcrypto.subtle,v22.22.1,n/a,n/a,0,0.112296,0,Playwright/Puppeteer not installed; used Node.js crypto.webcrypto.subtle fallback.
exp6_crypto,ecdsa_p256_keygen,5,node-webcrypto,Linux 7.0.0-30-generic x64,Node.js v22.22.1 (linux; x64) crypto.webcrypto.subtle,v22.22.1,n/a,n/a,0,0.104569,0,Playwright/Puppeteer not installed; used Node.js crypto.webcrypto.subtle fallback.
exp6_crypto,ecdsa_p256_keygen,6,node-webcrypto,Linux 7.0.0-30-generic x64,Node.js v22.22.1 (linux; x64) crypto.webcrypto.subtle,v22.22.1,n/a,n/a,0,0.096361,0,Playwright/Puppeteer not installed; used Node.js crypto.webcrypto.subtle fallback.
exp6_crypto,ecdsa_p256_keygen,7,node-webcrypto,Linux 7.0.0-30-generic x64,Node.js v22.22.1 (linux; x64) crypto.webcrypto.subtle,v22.22.1,n/a,n/a,0,0.140994,0,Playwright/Puppeteer not installed; used Node.js crypto.webcrypto.subtle fallback.
exp6_crypto,ecdsa_p256_keygen,8,node-webcrypto,Linux 7.0.0-30-generic x64,Node.js v22.22.1 (linux; x64) crypto.webcrypto.subtle,v22.22.1,n/a,n/a,0,0.190599,0,Playwright/Puppeteer not installed; used Node.js crypto.webcrypto.subtle fallback.
exp6_crypto,ecdsa_p256_keygen,9,node-webcrypto,Linux 7.0.0-30-generic x64,Node.js v22.22.1 (linux; x64) crypto.webcrypto.subtle,v22.22.1,n/a,n/a,0,0.145643,0,Playwright/Puppeteer not installed; used Node.js crypto.webcrypto.subtle fallback.
exp6_crypto,ecdsa_p256_keygen,10,node-webcrypto,Linux 7.0.0-30-generic x64,Node.js v22.22.1 (linux; x64) crypto.webcrypto.subtle,v22.22.1,n/a,n/a,0,0.158371,0,Playwright/Puppeteer not installed; used Node.js crypto.webcrypto.subtle fallback.
exp6_crypto,ecies_p256_wrap_32b_doc_key,1,node-webcrypto,Linux 7.0.0-30-generic x64,Node.js v22.22.1 (linux; x64) crypto.webcrypto.subtle,v22.22.1,n/a,n/a,32,2.766488,125,Playwright/Puppeteer not installed; used Node.js crypto.webcrypto.subtle fallback. Token is raw ephemeral public key + IV + AES-GCM ciphertext/tag. ECDH shared secret run through HKDF-SHA256 (v2).
exp6_crypto,ecies_p256_wrap_32b_doc_key,2,node-webcrypto,Linux 7.0.0-30-generic x64,Node.js v22.22.1 (linux; x64) crypto.webcrypto.subtle,v22.22.1,n/a,n/a,32,0.769861,125,Playwright/Puppeteer not installed; used Node.js crypto.webcrypto.subtle fallback. Token is raw ephemeral public key + IV + AES-GCM ciphertext/tag. ECDH shared secret run through HKDF-SHA256 (v2).
exp6_crypto,ecies_p256_wrap_32b_doc_key,3,node-webcrypto,Linux 7.0.0-30-generic x64,Node.js v22.22.1 (linux; x64) crypto.webcrypto.subtle,v22.22.1,n/a,n/a,32,0.721991,125,Playwright/Puppeteer not installed; used Node.js crypto.webcrypto.subtle fallback. Token is raw ephemeral public key + IV + AES-GCM ciphertext/tag. ECDH shared secret run through HKDF-SHA256 (v2).
exp6_crypto,ecies_p256_wrap_32b_doc_key,4,node-webcrypto,Linux 7.0.0-30-generic x64,Node.js v22.22.1 (linux; x64) crypto.webcrypto.subtle,v22.22.1,n/a,n/a,32,0.718276,125,Playwright/Puppeteer not installed; used Node.js crypto.webcrypto.subtle fallback. Token is raw ephemeral public key + IV + AES-GCM ciphertext/tag. ECDH shared secret run through HKDF-SHA256 (v2).
exp6_crypto,ecies_p256_wrap_32b_doc_key,5,node-webcrypto,Linux 7.0.0-30-generic x64,Node.js v22.22.1 (linux; x64) crypto.webcrypto.subtle,v22.22.1,n/a,n/a,32,0.621053,125,Playwright/Puppeteer not installed; used Node.js crypto.webcrypto.subtle fallback. Token is raw ephemeral public key + IV + AES-GCM ciphertext/tag. ECDH shared secret run through HKDF-SHA256 (v2).
exp6_crypto,ecies_p256_wrap_32b_doc_key,6,node-webcrypto,Linux 7.0.0-30-generic x64,Node.js v22.22.1 (linux; x64) crypto.webcrypto.subtle,v22.22.1,n/a,n/a,32,0.755072,125,Playwright/Puppeteer not installed; used Node.js crypto.webcrypto.subtle fallback. Token is raw ephemeral public key + IV + AES-GCM ciphertext/tag. ECDH shared secret run through HKDF-SHA256 (v2).
exp6_crypto,ecies_p256_wrap_32b_doc_key,7,node-webcrypto,Linux 7.0.0-30-generic x64,Node.js v22.22.1 (linux; x64) crypto.webcrypto.subtle,v22.22.1,n/a,n/a,32,0.687974,125,Playwright/Puppeteer not installed; used Node.js crypto.webcrypto.subtle fallback. Token is raw ephemeral public key + IV + AES-GCM ciphertext/tag. ECDH shared secret run through HKDF-SHA256 (v2).
exp6_crypto,ecies_p256_wrap_32b_doc_key,8,node-webcrypto,Linux 7.0.0-30-generic x64,Node.js v22.22.1 (linux; x64) crypto.webcrypto.subtle,v22.22.1,n/a,n/a,32,0.677686,125,Playwright/Puppeteer not installed; used Node.js crypto.webcrypto.subtle fallback. Token is raw ephemeral public key + IV + AES-GCM ciphertext/tag. ECDH shared secret run through HKDF-SHA256 (v2).
exp6_crypto,ecies_p256_wrap_32b_doc_key,9,node-webcrypto,Linux 7.0.0-30-generic x64,Node.js v22.22.1 (linux; x64) crypto.webcrypto.subtle,v22.22.1,n/a,n/a,32,4.466506,125,Playwright/Puppeteer not installed; used Node.js crypto.webcrypto.subtle fallback. Token is raw ephemeral public key + IV + AES-GCM ciphertext/tag. ECDH shared secret run through HKDF-SHA256 (v2).
exp6_crypto,ecies_p256_wrap_32b_doc_key,10,node-webcrypto,Linux 7.0.0-30-generic x64,Node.js v22.22.1 (linux; x64) crypto.webcrypto.subtle,v22.22.1,n/a,n/a,32,1.042795,125,Playwright/Puppeteer not installed; used Node.js crypto.webcrypto.subtle fallback. Token is raw ephemeral public key + IV + AES-GCM ciphertext/tag. ECDH shared secret run through HKDF-SHA256 (v2).
exp6_crypto,ecies_p256_unwrap_32b_doc_key,1,node-webcrypto,Linux 7.0.0-30-generic x64,Node.js v22.22.1 (linux; x64) crypto.webcrypto.subtle,v22.22.1,n/a,n/a,125,1.308238,32,"Playwright/Puppeteer not installed; used Node.js crypto.webcrypto.subtle fallback. Imports raw ephemeral P-256 public key, HKDF-SHA256 over the shared secret, decrypts AES-GCM."
exp6_crypto,ecies_p256_unwrap_32b_doc_key,2,node-webcrypto,Linux 7.0.0-30-generic x64,Node.js v22.22.1 (linux; x64) crypto.webcrypto.subtle,v22.22.1,n/a,n/a,125,0.425516,32,"Playwright/Puppeteer not installed; used Node.js crypto.webcrypto.subtle fallback. Imports raw ephemeral P-256 public key, HKDF-SHA256 over the shared secret, decrypts AES-GCM."
exp6_crypto,ecies_p256_unwrap_32b_doc_key,3,node-webcrypto,Linux 7.0.0-30-generic x64,Node.js v22.22.1 (linux; x64) crypto.webcrypto.subtle,v22.22.1,n/a,n/a,125,0.430753,32,"Playwright/Puppeteer not installed; used Node.js crypto.webcrypto.subtle fallback. Imports raw ephemeral P-256 public key, HKDF-SHA256 over the shared secret, decrypts AES-GCM."
exp6_crypto,ecies_p256_unwrap_32b_doc_key,4,node-webcrypto,Linux 7.0.0-30-generic x64,Node.js v22.22.1 (linux; x64) crypto.webcrypto.subtle,v22.22.1,n/a,n/a,125,0.385716,32,"Playwright/Puppeteer not installed; used Node.js crypto.webcrypto.subtle fallback. Imports raw ephemeral P-256 public key, HKDF-SHA256 over the shared secret, decrypts AES-GCM."
exp6_crypto,ecies_p256_unwrap_32b_doc_key,5,node-webcrypto,Linux 7.0.0-30-generic x64,Node.js v22.22.1 (linux; x64) crypto.webcrypto.subtle,v22.22.1,n/a,n/a,125,0.407965,32,"Playwright/Puppeteer not installed; used Node.js crypto.webcrypto.subtle fallback. Imports raw ephemeral P-256 public key, HKDF-SHA256 over the shared secret, decrypts AES-GCM."
exp6_crypto,ecies_p256_unwrap_32b_doc_key,6,node-webcrypto,Linux 7.0.0-30-generic x64,Node.js v22.22.1 (linux; x64) crypto.webcrypto.subtle,v22.22.1,n/a,n/a,125,0.37288,32,"Playwright/Puppeteer not installed; used Node.js crypto.webcrypto.subtle fallback. Imports raw ephemeral P-256 public key, HKDF-SHA256 over the shared secret, decrypts AES-GCM."
exp6_crypto,ecies_p256_unwrap_32b_doc_key,7,node-webcrypto,Linux 7.0.0-30-generic x64,Node.js v22.22.1 (linux; x64) crypto.webcrypto.subtle,v22.22.1,n/a,n/a,125,0.383241,32,"Playwright/Puppeteer not installed; used Node.js crypto.webcrypto.subtle fallback. Imports raw ephemeral P-256 public key, HKDF-SHA256 over the shared secret, decrypts AES-GCM."
exp6_crypto,ecies_p256_unwrap_32b_doc_key,8,node-webcrypto,Linux 7.0.0-30-generic x64,Node.js v22.22.1 (linux; x64) crypto.webcrypto.subtle,v22.22.1,n/a,n/a,125,0.382183,32,"Playwright/Puppeteer not installed; used Node.js crypto.webcrypto.subtle fallback. Imports raw ephemeral P-256 public key, HKDF-SHA256 over the shared secret, decrypts AES-GCM."
exp6_crypto,ecies_p256_unwrap_32b_doc_key,9,node-webcrypto,Linux 7.0.0-30-generic x64,Node.js v22.22.1 (linux; x64) crypto.webcrypto.subtle,v22.22.1,n/a,n/a,125,0.55584,32,"Playwright/Puppeteer not installed; used Node.js crypto.webcrypto.subtle fallback. Imports raw ephemeral P-256 public key, HKDF-SHA256 over the shared secret, decrypts AES-GCM."
exp6_crypto,ecies_p256_unwrap_32b_doc_key,10,node-webcrypto,Linux 7.0.0-30-generic x64,Node.js v22.22.1 (linux; x64) crypto.webcrypto.subtle,v22.22.1,n/a,n/a,125,0.416454,32,"Playwright/Puppeteer not installed; used Node.js crypto.webcrypto.subtle fallback. Imports raw ephemeral P-256 public key, HKDF-SHA256 over the shared secret, decrypts AES-GCM."
exp6_crypto,rsa_oaep_2048_wrap_32b_doc_key,1,node-webcrypto,Linux 7.0.0-30-generic x64,Node.js v22.22.1 (linux; x64) crypto.webcrypto.subtle,v22.22.1,n/a,n/a,32,5.577504,256,"Playwright/Puppeteer not installed; used Node.js crypto.webcrypto.subtle fallback. RSA-OAEP SHA-256, 2048-bit modulus."
exp6_crypto,rsa_oaep_2048_wrap_32b_doc_key,2,node-webcrypto,Linux 7.0.0-30-generic x64,Node.js v22.22.1 (linux; x64) crypto.webcrypto.subtle,v22.22.1,n/a,n/a,32,0.171673,256,"Playwright/Puppeteer not installed; used Node.js crypto.webcrypto.subtle fallback. RSA-OAEP SHA-256, 2048-bit modulus."
exp6_crypto,rsa_oaep_2048_wrap_32b_doc_key,3,node-webcrypto,Linux 7.0.0-30-generic x64,Node.js v22.22.1 (linux; x64) crypto.webcrypto.subtle,v22.22.1,n/a,n/a,32,0.258857,256,"Playwright/Puppeteer not installed; used Node.js crypto.webcrypto.subtle fallback. RSA-OAEP SHA-256, 2048-bit modulus."
exp6_crypto,rsa_oaep_2048_wrap_32b_doc_key,4,node-webcrypto,Linux 7.0.0-30-generic x64,Node.js v22.22.1 (linux; x64) crypto.webcrypto.subtle,v22.22.1,n/a,n/a,32,0.191036,256,"Playwright/Puppeteer not installed; used Node.js crypto.webcrypto.subtle fallback. RSA-OAEP SHA-256, 2048-bit modulus."
exp6_crypto,rsa_oaep_2048_wrap_32b_doc_key,5,node-webcrypto,Linux 7.0.0-30-generic x64,Node.js v22.22.1 (linux; x64) crypto.webcrypto.subtle,v22.22.1,n/a,n/a,32,0.223042,256,"Playwright/Puppeteer not installed; used Node.js crypto.webcrypto.subtle fallback. RSA-OAEP SHA-256, 2048-bit modulus."
exp6_crypto,rsa_oaep_2048_wrap_32b_doc_key,6,node-webcrypto,Linux 7.0.0-30-generic x64,Node.js v22.22.1 (linux; x64) crypto.webcrypto.subtle,v22.22.1,n/a,n/a,32,0.08221,256,"Playwright/Puppeteer not installed; used Node.js crypto.webcrypto.subtle fallback. RSA-OAEP SHA-256, 2048-bit modulus."
exp6_crypto,rsa_oaep_2048_wrap_32b_doc_key,7,node-webcrypto,Linux 7.0.0-30-generic x64,Node.js v22.22.1 (linux; x64) crypto.webcrypto.subtle,v22.22.1,n/a,n/a,32,0.081482,256,"Playwright/Puppeteer not installed; used Node.js crypto.webcrypto.subtle fallback. RSA-OAEP SHA-256, 2048-bit modulus."
exp6_crypto,rsa_oaep_2048_wrap_32b_doc_key,8,node-webcrypto,Linux 7.0.0-30-generic x64,Node.js v22.22.1 (linux; x64) crypto.webcrypto.subtle,v22.22.1,n/a,n/a,32,0.073673,256,"Playwright/Puppeteer not installed; used Node.js crypto.webcrypto.subtle fallback. RSA-OAEP SHA-256, 2048-bit modulus."
exp6_crypto,rsa_oaep_2048_wrap_32b_doc_key,9,node-webcrypto,Linux 7.0.0-30-generic x64,Node.js v22.22.1 (linux; x64) crypto.webcrypto.subtle,v22.22.1,n/a,n/a,32,0.078687,256,"Playwright/Puppeteer not installed; used Node.js crypto.webcrypto.subtle fallback. RSA-OAEP SHA-256, 2048-bit modulus."
exp6_crypto,rsa_oaep_2048_wrap_32b_doc_key,10,node-webcrypto,Linux 7.0.0-30-generic x64,Node.js v22.22.1 (linux; x64) crypto.webcrypto.subtle,v22.22.1,n/a,n/a,32,0.197783,256,"Playwright/Puppeteer not installed; used Node.js crypto.webcrypto.subtle fallback. RSA-OAEP SHA-256, 2048-bit modulus."
exp6_crypto,aes_256_gcm_encrypt_1mb,1,node-webcrypto,Linux 7.0.0-30-generic x64,Node.js v22.22.1 (linux; x64) crypto.webcrypto.subtle,v22.22.1,n/a,n/a,1048576,0.847135,1048592,Playwright/Puppeteer not installed; used Node.js crypto.webcrypto.subtle fallback.
exp6_crypto,aes_256_gcm_encrypt_1mb,2,node-webcrypto,Linux 7.0.0-30-generic x64,Node.js v22.22.1 (linux; x64) crypto.webcrypto.subtle,v22.22.1,n/a,n/a,1048576,0.736418,1048592,Playwright/Puppeteer not installed; used Node.js crypto.webcrypto.subtle fallback.
exp6_crypto,aes_256_gcm_encrypt_1mb,3,node-webcrypto,Linux 7.0.0-30-generic x64,Node.js v22.22.1 (linux; x64) crypto.webcrypto.subtle,v22.22.1,n/a,n/a,1048576,0.73677,1048592,Playwright/Puppeteer not installed; used Node.js crypto.webcrypto.subtle fallback.
exp6_crypto,aes_256_gcm_encrypt_1mb,4,node-webcrypto,Linux 7.0.0-30-generic x64,Node.js v22.22.1 (linux; x64) crypto.webcrypto.subtle,v22.22.1,n/a,n/a,1048576,0.633967,1048592,Playwright/Puppeteer not installed; used Node.js crypto.webcrypto.subtle fallback.
exp6_crypto,aes_256_gcm_encrypt_1mb,5,node-webcrypto,Linux 7.0.0-30-generic x64,Node.js v22.22.1 (linux; x64) crypto.webcrypto.subtle,v22.22.1,n/a,n/a,1048576,0.66709,1048592,Playwright/Puppeteer not installed; used Node.js crypto.webcrypto.subtle fallback.
exp6_crypto,aes_256_gcm_encrypt_1mb,6,node-webcrypto,Linux 7.0.0-30-generic x64,Node.js v22.22.1 (linux; x64) crypto.webcrypto.subtle,v22.22.1,n/a,n/a,1048576,0.660696,1048592,Playwright/Puppeteer not installed; used Node.js crypto.webcrypto.subtle fallback.
exp6_crypto,aes_256_gcm_encrypt_1mb,7,node-webcrypto,Linux 7.0.0-30-generic x64,Node.js v22.22.1 (linux; x64) crypto.webcrypto.subtle,v22.22.1,n/a,n/a,1048576,0.763246,1048592,Playwright/Puppeteer not installed; used Node.js crypto.webcrypto.subtle fallback.
exp6_crypto,aes_256_gcm_encrypt_1mb,8,node-webcrypto,Linux 7.0.0-30-generic x64,Node.js v22.22.1 (linux; x64) crypto.webcrypto.subtle,v22.22.1,n/a,n/a,1048576,0.610529,1048592,Playwright/Puppeteer not installed; used Node.js crypto.webcrypto.subtle fallback.
exp6_crypto,aes_256_gcm_encrypt_1mb,9,node-webcrypto,Linux 7.0.0-30-generic x64,Node.js v22.22.1 (linux; x64) crypto.webcrypto.subtle,v22.22.1,n/a,n/a,1048576,0.8199,1048592,Playwright/Puppeteer not installed; used Node.js crypto.webcrypto.subtle fallback.
exp6_crypto,aes_256_gcm_encrypt_1mb,10,node-webcrypto,Linux 7.0.0-30-generic x64,Node.js v22.22.1 (linux; x64) crypto.webcrypto.subtle,v22.22.1,n/a,n/a,1048576,0.708065,1048592,Playwright/Puppeteer not installed; used Node.js crypto.webcrypto.subtle fallback.
exp6_crypto,aes_256_gcm_encrypt_10mb,1,node-webcrypto,Linux 7.0.0-30-generic x64,Node.js v22.22.1 (linux; x64) crypto.webcrypto.subtle,v22.22.1,n/a,n/a,10485760,9.589376,10485776,Playwright/Puppeteer not installed; used Node.js crypto.webcrypto.subtle fallback.
exp6_crypto,aes_256_gcm_encrypt_10mb,2,node-webcrypto,Linux 7.0.0-30-generic x64,Node.js v22.22.1 (linux; x64) crypto.webcrypto.subtle,v22.22.1,n/a,n/a,10485760,9.178957,10485776,Playwright/Puppeteer not installed; used Node.js crypto.webcrypto.subtle fallback.
exp6_crypto,aes_256_gcm_encrypt_10mb,3,node-webcrypto,Linux 7.0.0-30-generic x64,Node.js v22.22.1 (linux; x64) crypto.webcrypto.subtle,v22.22.1,n/a,n/a,10485760,6.210664,10485776,Playwright/Puppeteer not installed; used Node.js crypto.webcrypto.subtle fallback.
exp6_crypto,aes_256_gcm_encrypt_10mb,4,node-webcrypto,Linux 7.0.0-30-generic x64,Node.js v22.22.1 (linux; x64) crypto.webcrypto.subtle,v22.22.1,n/a,n/a,10485760,7.278292,10485776,Playwright/Puppeteer not installed; used Node.js crypto.webcrypto.subtle fallback.
exp6_crypto,aes_256_gcm_encrypt_10mb,5,node-webcrypto,Linux 7.0.0-30-generic x64,Node.js v22.22.1 (linux; x64) crypto.webcrypto.subtle,v22.22.1,n/a,n/a,10485760,3.665373,10485776,Playwright/Puppeteer not installed; used Node.js crypto.webcrypto.subtle fallback.
exp6_crypto,aes_256_gcm_encrypt_10mb,6,node-webcrypto,Linux 7.0.0-30-generic x64,Node.js v22.22.1 (linux; x64) crypto.webcrypto.subtle,v22.22.1,n/a,n/a,10485760,2.962831,10485776,Playwright/Puppeteer not installed; used Node.js crypto.webcrypto.subtle fallback.
exp6_crypto,aes_256_gcm_encrypt_10mb,7,node-webcrypto,Linux 7.0.0-30-generic x64,Node.js v22.22.1 (linux; x64) crypto.webcrypto.subtle,v22.22.1,n/a,n/a,10485760,7.701486,10485776,Playwright/Puppeteer not installed; used Node.js crypto.webcrypto.subtle fallback.
exp6_crypto,aes_256_gcm_encrypt_10mb,8,node-webcrypto,Linux 7.0.0-30-generic x64,Node.js v22.22.1 (linux; x64) crypto.webcrypto.subtle,v22.22.1,n/a,n/a,10485760,2.947613,10485776,Playwright/Puppeteer not installed; used Node.js crypto.webcrypto.subtle fallback.
exp6_crypto,aes_256_gcm_encrypt_10mb,9,node-webcrypto,Linux 7.0.0-30-generic x64,Node.js v22.22.1 (linux; x64) crypto.webcrypto.subtle,v22.22.1,n/a,n/a,10485760,2.991199,10485776,Playwright/Puppeteer not installed; used Node.js crypto.webcrypto.subtle fallback.
exp6_crypto,aes_256_gcm_encrypt_10mb,10,node-webcrypto,Linux 7.0.0-30-generic x64,Node.js v22.22.1 (linux; x64) crypto.webcrypto.subtle,v22.22.1,n/a,n/a,10485760,7.350004,10485776,Playwright/Puppeteer not installed; used Node.js crypto.webcrypto.subtle fallback.
exp6_crypto,aes_256_gcm_encrypt_50mb,1,node-webcrypto,Linux 7.0.0-30-generic x64,Node.js v22.22.1 (linux; x64) crypto.webcrypto.subtle,v22.22.1,n/a,n/a,52428800,43.697935,52428816,Playwright/Puppeteer not installed; used Node.js crypto.webcrypto.subtle fallback.
exp6_crypto,aes_256_gcm_encrypt_50mb,2,node-webcrypto,Linux 7.0.0-30-generic x64,Node.js v22.22.1 (linux; x64) crypto.webcrypto.subtle,v22.22.1,n/a,n/a,52428800,44.372251,52428816,Playwright/Puppeteer not installed; used Node.js crypto.webcrypto.subtle fallback.
exp6_crypto,aes_256_gcm_encrypt_50mb,3,node-webcrypto,Linux 7.0.0-30-generic x64,Node.js v22.22.1 (linux; x64) crypto.webcrypto.subtle,v22.22.1,n/a,n/a,52428800,45.139042,52428816,Playwright/Puppeteer not installed; used Node.js crypto.webcrypto.subtle fallback.
exp6_crypto,aes_256_gcm_encrypt_50mb,4,node-webcrypto,Linux 7.0.0-30-generic x64,Node.js v22.22.1 (linux; x64) crypto.webcrypto.subtle,v22.22.1,n/a,n/a,52428800,48.453097,52428816,Playwright/Puppeteer not installed; used Node.js crypto.webcrypto.subtle fallback.
exp6_crypto,aes_256_gcm_encrypt_50mb,5,node-webcrypto,Linux 7.0.0-30-generic x64,Node.js v22.22.1 (linux; x64) crypto.webcrypto.subtle,v22.22.1,n/a,n/a,52428800,46.51956,52428816,Playwright/Puppeteer not installed; used Node.js crypto.webcrypto.subtle fallback.
exp6_crypto,aes_256_gcm_encrypt_50mb,6,node-webcrypto,Linux 7.0.0-30-generic x64,Node.js v22.22.1 (linux; x64) crypto.webcrypto.subtle,v22.22.1,n/a,n/a,52428800,44.790097,52428816,Playwright/Puppeteer not installed; used Node.js crypto.webcrypto.subtle fallback.
exp6_crypto,aes_256_gcm_encrypt_50mb,7,node-webcrypto,Linux 7.0.0-30-generic x64,Node.js v22.22.1 (linux; x64) crypto.webcrypto.subtle,v22.22.1,n/a,n/a,52428800,47.295793,52428816,Playwright/Puppeteer not installed; used Node.js crypto.webcrypto.subtle fallback.
exp6_crypto,aes_256_gcm_encrypt_50mb,8,node-webcrypto,Linux 7.0.0-30-generic x64,Node.js v22.22.1 (linux; x64) crypto.webcrypto.subtle,v22.22.1,n/a,n/a,52428800,57.661976,52428816,Playwright/Puppeteer not installed; used Node.js crypto.webcrypto.subtle fallback.
exp6_crypto,aes_256_gcm_encrypt_50mb,9,node-webcrypto,Linux 7.0.0-30-generic x64,Node.js v22.22.1 (linux; x64) crypto.webcrypto.subtle,v22.22.1,n/a,n/a,52428800,47.353303,52428816,Playwright/Puppeteer not installed; used Node.js crypto.webcrypto.subtle fallback.
exp6_crypto,aes_256_gcm_encrypt_50mb,10,node-webcrypto,Linux 7.0.0-30-generic x64,Node.js v22.22.1 (linux; x64) crypto.webcrypto.subtle,v22.22.1,n/a,n/a,52428800,48.211229,52428816,Playwright/Puppeteer not installed; used Node.js crypto.webcrypto.subtle fallback.
exp6_crypto,aes_256_gcm_decrypt_1mb,1,node-webcrypto,Linux 7.0.0-30-generic x64,Node.js v22.22.1 (linux; x64) crypto.webcrypto.subtle,v22.22.1,n/a,n/a,1048592,18.50235,1048576,Playwright/Puppeteer not installed; used Node.js crypto.webcrypto.subtle fallback.
exp6_crypto,aes_256_gcm_decrypt_1mb,2,node-webcrypto,Linux 7.0.0-30-generic x64,Node.js v22.22.1 (linux; x64) crypto.webcrypto.subtle,v22.22.1,n/a,n/a,1048592,1.254736,1048576,Playwright/Puppeteer not installed; used Node.js crypto.webcrypto.subtle fallback.
exp6_crypto,aes_256_gcm_decrypt_1mb,3,node-webcrypto,Linux 7.0.0-30-generic x64,Node.js v22.22.1 (linux; x64) crypto.webcrypto.subtle,v22.22.1,n/a,n/a,1048592,1.174512,1048576,Playwright/Puppeteer not installed; used Node.js crypto.webcrypto.subtle fallback.
exp6_crypto,aes_256_gcm_decrypt_1mb,4,node-webcrypto,Linux 7.0.0-30-generic x64,Node.js v22.22.1 (linux; x64) crypto.webcrypto.subtle,v22.22.1,n/a,n/a,1048592,0.791166,1048576,Playwright/Puppeteer not installed; used Node.js crypto.webcrypto.subtle fallback.
exp6_crypto,aes_256_gcm_decrypt_1mb,5,node-webcrypto,Linux 7.0.0-30-generic x64,Node.js v22.22.1 (linux; x64) crypto.webcrypto.subtle,v22.22.1,n/a,n/a,1048592,0.918554,1048576,Playwright/Puppeteer not installed; used Node.js crypto.webcrypto.subtle fallback.
exp6_crypto,aes_256_gcm_decrypt_1mb,6,node-webcrypto,Linux 7.0.0-30-generic x64,Node.js v22.22.1 (linux; x64) crypto.webcrypto.subtle,v22.22.1,n/a,n/a,1048592,0.88178,1048576,Playwright/Puppeteer not installed; used Node.js crypto.webcrypto.subtle fallback.
exp6_crypto,aes_256_gcm_decrypt_1mb,7,node-webcrypto,Linux 7.0.0-30-generic x64,Node.js v22.22.1 (linux; x64) crypto.webcrypto.subtle,v22.22.1,n/a,n/a,1048592,1.065542,1048576,Playwright/Puppeteer not installed; used Node.js crypto.webcrypto.subtle fallback.
exp6_crypto,aes_256_gcm_decrypt_1mb,8,node-webcrypto,Linux 7.0.0-30-generic x64,Node.js v22.22.1 (linux; x64) crypto.webcrypto.subtle,v22.22.1,n/a,n/a,1048592,0.781629,1048576,Playwright/Puppeteer not installed; used Node.js crypto.webcrypto.subtle fallback.
exp6_crypto,aes_256_gcm_decrypt_1mb,9,node-webcrypto,Linux 7.0.0-30-generic x64,Node.js v22.22.1 (linux; x64) crypto.webcrypto.subtle,v22.22.1,n/a,n/a,1048592,0.828932,1048576,Playwright/Puppeteer not installed; used Node.js crypto.webcrypto.subtle fallback.
exp6_crypto,aes_256_gcm_decrypt_1mb,10,node-webcrypto,Linux 7.0.0-30-generic x64,Node.js v22.22.1 (linux; x64) crypto.webcrypto.subtle,v22.22.1,n/a,n/a,1048592,0.891746,1048576,Playwright/Puppeteer not installed; used Node.js crypto.webcrypto.subtle fallback.
exp6_crypto,aes_256_gcm_decrypt_10mb,1,node-webcrypto,Linux 7.0.0-30-generic x64,Node.js v22.22.1 (linux; x64) crypto.webcrypto.subtle,v22.22.1,n/a,n/a,10485776,13.699603,10485760,Playwright/Puppeteer not installed; used Node.js crypto.webcrypto.subtle fallback.
exp6_crypto,aes_256_gcm_decrypt_10mb,2,node-webcrypto,Linux 7.0.0-30-generic x64,Node.js v22.22.1 (linux; x64) crypto.webcrypto.subtle,v22.22.1,n/a,n/a,10485776,7.795778,10485760,Playwright/Puppeteer not installed; used Node.js crypto.webcrypto.subtle fallback.
exp6_crypto,aes_256_gcm_decrypt_10mb,3,node-webcrypto,Linux 7.0.0-30-generic x64,Node.js v22.22.1 (linux; x64) crypto.webcrypto.subtle,v22.22.1,n/a,n/a,10485776,13.540859,10485760,Playwright/Puppeteer not installed; used Node.js crypto.webcrypto.subtle fallback.
exp6_crypto,aes_256_gcm_decrypt_10mb,4,node-webcrypto,Linux 7.0.0-30-generic x64,Node.js v22.22.1 (linux; x64) crypto.webcrypto.subtle,v22.22.1,n/a,n/a,10485776,5.371706,10485760,Playwright/Puppeteer not installed; used Node.js crypto.webcrypto.subtle fallback.
exp6_crypto,aes_256_gcm_decrypt_10mb,5,node-webcrypto,Linux 7.0.0-30-generic x64,Node.js v22.22.1 (linux; x64) crypto.webcrypto.subtle,v22.22.1,n/a,n/a,10485776,8.047017,10485760,Playwright/Puppeteer not installed; used Node.js crypto.webcrypto.subtle fallback.
exp6_crypto,aes_256_gcm_decrypt_10mb,6,node-webcrypto,Linux 7.0.0-30-generic x64,Node.js v22.22.1 (linux; x64) crypto.webcrypto.subtle,v22.22.1,n/a,n/a,10485776,4.949199,10485760,Playwright/Puppeteer not installed; used Node.js crypto.webcrypto.subtle fallback.
exp6_crypto,aes_256_gcm_decrypt_10mb,7,node-webcrypto,Linux 7.0.0-30-generic x64,Node.js v22.22.1 (linux; x64) crypto.webcrypto.subtle,v22.22.1,n/a,n/a,10485776,7.790015,10485760,Playwright/Puppeteer not installed; used Node.js crypto.webcrypto.subtle fallback.
exp6_crypto,aes_256_gcm_decrypt_10mb,8,node-webcrypto,Linux 7.0.0-30-generic x64,Node.js v22.22.1 (linux; x64) crypto.webcrypto.subtle,v22.22.1,n/a,n/a,10485776,5.165815,10485760,Playwright/Puppeteer not installed; used Node.js crypto.webcrypto.subtle fallback.
exp6_crypto,aes_256_gcm_decrypt_10mb,9,node-webcrypto,Linux 7.0.0-30-generic x64,Node.js v22.22.1 (linux; x64) crypto.webcrypto.subtle,v22.22.1,n/a,n/a,10485776,8.159412,10485760,Playwright/Puppeteer not installed; used Node.js crypto.webcrypto.subtle fallback.
exp6_crypto,aes_256_gcm_decrypt_10mb,10,node-webcrypto,Linux 7.0.0-30-generic x64,Node.js v22.22.1 (linux; x64) crypto.webcrypto.subtle,v22.22.1,n/a,n/a,10485776,12.136232,10485760,Playwright/Puppeteer not installed; used Node.js crypto.webcrypto.subtle fallback.
exp6_crypto,aes_256_gcm_decrypt_50mb,1,node-webcrypto,Linux 7.0.0-30-generic x64,Node.js v22.22.1 (linux; x64) crypto.webcrypto.subtle,v22.22.1,n/a,n/a,52428816,75.106128,52428800,Playwright/Puppeteer not installed; used Node.js crypto.webcrypto.subtle fallback.
exp6_crypto,aes_256_gcm_decrypt_50mb,2,node-webcrypto,Linux 7.0.0-30-generic x64,Node.js v22.22.1 (linux; x64) crypto.webcrypto.subtle,v22.22.1,n/a,n/a,52428816,70.96219,52428800,Playwright/Puppeteer not installed; used Node.js crypto.webcrypto.subtle fallback.
exp6_crypto,aes_256_gcm_decrypt_50mb,3,node-webcrypto,Linux 7.0.0-30-generic x64,Node.js v22.22.1 (linux; x64) crypto.webcrypto.subtle,v22.22.1,n/a,n/a,52428816,69.911015,52428800,Playwright/Puppeteer not installed; used Node.js crypto.webcrypto.subtle fallback.
exp6_crypto,aes_256_gcm_decrypt_50mb,4,node-webcrypto,Linux 7.0.0-30-generic x64,Node.js v22.22.1 (linux; x64) crypto.webcrypto.subtle,v22.22.1,n/a,n/a,52428816,71.719175,52428800,Playwright/Puppeteer not installed; used Node.js crypto.webcrypto.subtle fallback.
exp6_crypto,aes_256_gcm_decrypt_50mb,5,node-webcrypto,Linux 7.0.0-30-generic x64,Node.js v22.22.1 (linux; x64) crypto.webcrypto.subtle,v22.22.1,n/a,n/a,52428816,73.518542,52428800,Playwright/Puppeteer not installed; used Node.js crypto.webcrypto.subtle fallback.
exp6_crypto,aes_256_gcm_decrypt_50mb,6,node-webcrypto,Linux 7.0.0-30-generic x64,Node.js v22.22.1 (linux; x64) crypto.webcrypto.subtle,v22.22.1,n/a,n/a,52428816,73.212828,52428800,Playwright/Puppeteer not installed; used Node.js crypto.webcrypto.subtle fallback.
exp6_crypto,aes_256_gcm_decrypt_50mb,7,node-webcrypto,Linux 7.0.0-30-generic x64,Node.js v22.22.1 (linux; x64) crypto.webcrypto.subtle,v22.22.1,n/a,n/a,52428816,78.272713,52428800,Playwright/Puppeteer not installed; used Node.js crypto.webcrypto.subtle fallback.
exp6_crypto,aes_256_gcm_decrypt_50mb,8,node-webcrypto,Linux 7.0.0-30-generic x64,Node.js v22.22.1 (linux; x64) crypto.webcrypto.subtle,v22.22.1,n/a,n/a,52428816,73.148387,52428800,Playwright/Puppeteer not installed; used Node.js crypto.webcrypto.subtle fallback.
exp6_crypto,aes_256_gcm_decrypt_50mb,9,node-webcrypto,Linux 7.0.0-30-generic x64,Node.js v22.22.1 (linux; x64) crypto.webcrypto.subtle,v22.22.1,n/a,n/a,52428816,71.822114,52428800,Playwright/Puppeteer not installed; used Node.js crypto.webcrypto.subtle fallback.
exp6_crypto,aes_256_gcm_decrypt_50mb,10,node-webcrypto,Linux 7.0.0-30-generic x64,Node.js v22.22.1 (linux; x64) crypto.webcrypto.subtle,v22.22.1,n/a,n/a,52428816,74.200338,52428800,Playwright/Puppeteer not installed; used Node.js crypto.webcrypto.subtle fallback.
exp6_crypto,sha256_hash_1mb,1,node-webcrypto,Linux 7.0.0-30-generic x64,Node.js v22.22.1 (linux; x64) crypto.webcrypto.subtle,v22.22.1,n/a,n/a,1048576,8.68018,32,Playwright/Puppeteer not installed; used Node.js crypto.webcrypto.subtle fallback.
exp6_crypto,sha256_hash_1mb,2,node-webcrypto,Linux 7.0.0-30-generic x64,Node.js v22.22.1 (linux; x64) crypto.webcrypto.subtle,v22.22.1,n/a,n/a,1048576,1.355802,32,Playwright/Puppeteer not installed; used Node.js crypto.webcrypto.subtle fallback.
exp6_crypto,sha256_hash_1mb,3,node-webcrypto,Linux 7.0.0-30-generic x64,Node.js v22.22.1 (linux; x64) crypto.webcrypto.subtle,v22.22.1,n/a,n/a,1048576,1.322917,32,Playwright/Puppeteer not installed; used Node.js crypto.webcrypto.subtle fallback.
exp6_crypto,sha256_hash_1mb,4,node-webcrypto,Linux 7.0.0-30-generic x64,Node.js v22.22.1 (linux; x64) crypto.webcrypto.subtle,v22.22.1,n/a,n/a,1048576,1.291801,32,Playwright/Puppeteer not installed; used Node.js crypto.webcrypto.subtle fallback.
exp6_crypto,sha256_hash_1mb,5,node-webcrypto,Linux 7.0.0-30-generic x64,Node.js v22.22.1 (linux; x64) crypto.webcrypto.subtle,v22.22.1,n/a,n/a,1048576,1.729263,32,Playwright/Puppeteer not installed; used Node.js crypto.webcrypto.subtle fallback.
exp6_crypto,sha256_hash_1mb,6,node-webcrypto,Linux 7.0.0-30-generic x64,Node.js v22.22.1 (linux; x64) crypto.webcrypto.subtle,v22.22.1,n/a,n/a,1048576,1.279038,32,Playwright/Puppeteer not installed; used Node.js crypto.webcrypto.subtle fallback.
exp6_crypto,sha256_hash_1mb,7,node-webcrypto,Linux 7.0.0-30-generic x64,Node.js v22.22.1 (linux; x64) crypto.webcrypto.subtle,v22.22.1,n/a,n/a,1048576,1.189911,32,Playwright/Puppeteer not installed; used Node.js crypto.webcrypto.subtle fallback.
exp6_crypto,sha256_hash_1mb,8,node-webcrypto,Linux 7.0.0-30-generic x64,Node.js v22.22.1 (linux; x64) crypto.webcrypto.subtle,v22.22.1,n/a,n/a,1048576,1.129819,32,Playwright/Puppeteer not installed; used Node.js crypto.webcrypto.subtle fallback.
exp6_crypto,sha256_hash_1mb,9,node-webcrypto,Linux 7.0.0-30-generic x64,Node.js v22.22.1 (linux; x64) crypto.webcrypto.subtle,v22.22.1,n/a,n/a,1048576,1.083033,32,Playwright/Puppeteer not installed; used Node.js crypto.webcrypto.subtle fallback.
exp6_crypto,sha256_hash_1mb,10,node-webcrypto,Linux 7.0.0-30-generic x64,Node.js v22.22.1 (linux; x64) crypto.webcrypto.subtle,v22.22.1,n/a,n/a,1048576,1.024112,32,Playwright/Puppeteer not installed; used Node.js crypto.webcrypto.subtle fallback.
exp6_crypto,sha256_hash_10mb,1,node-webcrypto,Linux 7.0.0-30-generic x64,Node.js v22.22.1 (linux; x64) crypto.webcrypto.subtle,v22.22.1,n/a,n/a,10485760,11.094709,32,Playwright/Puppeteer not installed; used Node.js crypto.webcrypto.subtle fallback.
exp6_crypto,sha256_hash_10mb,2,node-webcrypto,Linux 7.0.0-30-generic x64,Node.js v22.22.1 (linux; x64) crypto.webcrypto.subtle,v22.22.1,n/a,n/a,10485760,14.800532,32,Playwright/Puppeteer not installed; used Node.js crypto.webcrypto.subtle fallback.
exp6_crypto,sha256_hash_10mb,3,node-webcrypto,Linux 7.0.0-30-generic x64,Node.js v22.22.1 (linux; x64) crypto.webcrypto.subtle,v22.22.1,n/a,n/a,10485760,10.975164,32,Playwright/Puppeteer not installed; used Node.js crypto.webcrypto.subtle fallback.
exp6_crypto,sha256_hash_10mb,4,node-webcrypto,Linux 7.0.0-30-generic x64,Node.js v22.22.1 (linux; x64) crypto.webcrypto.subtle,v22.22.1,n/a,n/a,10485760,11.602952,32,Playwright/Puppeteer not installed; used Node.js crypto.webcrypto.subtle fallback.
exp6_crypto,sha256_hash_10mb,5,node-webcrypto,Linux 7.0.0-30-generic x64,Node.js v22.22.1 (linux; x64) crypto.webcrypto.subtle,v22.22.1,n/a,n/a,10485760,11.442844,32,Playwright/Puppeteer not installed; used Node.js crypto.webcrypto.subtle fallback.
exp6_crypto,sha256_hash_10mb,6,node-webcrypto,Linux 7.0.0-30-generic x64,Node.js v22.22.1 (linux; x64) crypto.webcrypto.subtle,v22.22.1,n/a,n/a,10485760,11.497428,32,Playwright/Puppeteer not installed; used Node.js crypto.webcrypto.subtle fallback.
exp6_crypto,sha256_hash_10mb,7,node-webcrypto,Linux 7.0.0-30-generic x64,Node.js v22.22.1 (linux; x64) crypto.webcrypto.subtle,v22.22.1,n/a,n/a,10485760,11.467326,32,Playwright/Puppeteer not installed; used Node.js crypto.webcrypto.subtle fallback.
exp6_crypto,sha256_hash_10mb,8,node-webcrypto,Linux 7.0.0-30-generic x64,Node.js v22.22.1 (linux; x64) crypto.webcrypto.subtle,v22.22.1,n/a,n/a,10485760,11.57552,32,Playwright/Puppeteer not installed; used Node.js crypto.webcrypto.subtle fallback.
exp6_crypto,sha256_hash_10mb,9,node-webcrypto,Linux 7.0.0-30-generic x64,Node.js v22.22.1 (linux; x64) crypto.webcrypto.subtle,v22.22.1,n/a,n/a,10485760,12.105713,32,Playwright/Puppeteer not installed; used Node.js crypto.webcrypto.subtle fallback.
exp6_crypto,sha256_hash_10mb,10,node-webcrypto,Linux 7.0.0-30-generic x64,Node.js v22.22.1 (linux; x64) crypto.webcrypto.subtle,v22.22.1,n/a,n/a,10485760,11.762612,32,Playwright/Puppeteer not installed; used Node.js crypto.webcrypto.subtle fallback.
exp6_crypto,sha256_hash_50mb,1,node-webcrypto,Linux 7.0.0-30-generic x64,Node.js v22.22.1 (linux; x64) crypto.webcrypto.subtle,v22.22.1,n/a,n/a,52428800,80.784571,32,Playwright/Puppeteer not installed; used Node.js crypto.webcrypto.subtle fallback.
exp6_crypto,sha256_hash_50mb,2,node-webcrypto,Linux 7.0.0-30-generic x64,Node.js v22.22.1 (linux; x64) crypto.webcrypto.subtle,v22.22.1,n/a,n/a,52428800,80.782199,32,Playwright/Puppeteer not installed; used Node.js crypto.webcrypto.subtle fallback.
exp6_crypto,sha256_hash_50mb,3,node-webcrypto,Linux 7.0.0-30-generic x64,Node.js v22.22.1 (linux; x64) crypto.webcrypto.subtle,v22.22.1,n/a,n/a,52428800,79.055612,32,Playwright/Puppeteer not installed; used Node.js crypto.webcrypto.subtle fallback.
exp6_crypto,sha256_hash_50mb,4,node-webcrypto,Linux 7.0.0-30-generic x64,Node.js v22.22.1 (linux; x64) crypto.webcrypto.subtle,v22.22.1,n/a,n/a,52428800,85.079077,32,Playwright/Puppeteer not installed; used Node.js crypto.webcrypto.subtle fallback.
exp6_crypto,sha256_hash_50mb,5,node-webcrypto,Linux 7.0.0-30-generic x64,Node.js v22.22.1 (linux; x64) crypto.webcrypto.subtle,v22.22.1,n/a,n/a,52428800,81.357045,32,Playwright/Puppeteer not installed; used Node.js crypto.webcrypto.subtle fallback.
exp6_crypto,sha256_hash_50mb,6,node-webcrypto,Linux 7.0.0-30-generic x64,Node.js v22.22.1 (linux; x64) crypto.webcrypto.subtle,v22.22.1,n/a,n/a,52428800,77.98447,32,Playwright/Puppeteer not installed; used Node.js crypto.webcrypto.subtle fallback.
exp6_crypto,sha256_hash_50mb,7,node-webcrypto,Linux 7.0.0-30-generic x64,Node.js v22.22.1 (linux; x64) crypto.webcrypto.subtle,v22.22.1,n/a,n/a,52428800,80.796625,32,Playwright/Puppeteer not installed; used Node.js crypto.webcrypto.subtle fallback.
exp6_crypto,sha256_hash_50mb,8,node-webcrypto,Linux 7.0.0-30-generic x64,Node.js v22.22.1 (linux; x64) crypto.webcrypto.subtle,v22.22.1,n/a,n/a,52428800,73.043487,32,Playwright/Puppeteer not installed; used Node.js crypto.webcrypto.subtle fallback.
exp6_crypto,sha256_hash_50mb,9,node-webcrypto,Linux 7.0.0-30-generic x64,Node.js v22.22.1 (linux; x64) crypto.webcrypto.subtle,v22.22.1,n/a,n/a,52428800,69.752715,32,Playwright/Puppeteer not installed; used Node.js crypto.webcrypto.subtle fallback.
exp6_crypto,sha256_hash_50mb,10,node-webcrypto,Linux 7.0.0-30-generic x64,Node.js v22.22.1 (linux; x64) crypto.webcrypto.subtle,v22.22.1,n/a,n/a,52428800,74.537798,32,Playwright/Puppeteer not installed; used Node.js crypto.webcrypto.subtle fallback.
exp6_crypto,ecdsa_p256_sign_sha256_hash,1,node-webcrypto,Linux 7.0.0-30-generic x64,Node.js v22.22.1 (linux; x64) crypto.webcrypto.subtle,v22.22.1,n/a,n/a,32,7.982357,64,Playwright/Puppeteer not installed; used Node.js crypto.webcrypto.subtle fallback.
exp6_crypto,ecdsa_p256_sign_sha256_hash,2,node-webcrypto,Linux 7.0.0-30-generic x64,Node.js v22.22.1 (linux; x64) crypto.webcrypto.subtle,v22.22.1,n/a,n/a,32,0.293063,64,Playwright/Puppeteer not installed; used Node.js crypto.webcrypto.subtle fallback.
exp6_crypto,ecdsa_p256_sign_sha256_hash,3,node-webcrypto,Linux 7.0.0-30-generic x64,Node.js v22.22.1 (linux; x64) crypto.webcrypto.subtle,v22.22.1,n/a,n/a,32,0.137839,64,Playwright/Puppeteer not installed; used Node.js crypto.webcrypto.subtle fallback.
exp6_crypto,ecdsa_p256_sign_sha256_hash,4,node-webcrypto,Linux 7.0.0-30-generic x64,Node.js v22.22.1 (linux; x64) crypto.webcrypto.subtle,v22.22.1,n/a,n/a,32,0.163477,64,Playwright/Puppeteer not installed; used Node.js crypto.webcrypto.subtle fallback.
exp6_crypto,ecdsa_p256_sign_sha256_hash,5,node-webcrypto,Linux 7.0.0-30-generic x64,Node.js v22.22.1 (linux; x64) crypto.webcrypto.subtle,v22.22.1,n/a,n/a,32,0.156531,64,Playwright/Puppeteer not installed; used Node.js crypto.webcrypto.subtle fallback.
exp6_crypto,ecdsa_p256_sign_sha256_hash,6,node-webcrypto,Linux 7.0.0-30-generic x64,Node.js v22.22.1 (linux; x64) crypto.webcrypto.subtle,v22.22.1,n/a,n/a,32,0.10901,64,Playwright/Puppeteer not installed; used Node.js crypto.webcrypto.subtle fallback.
exp6_crypto,ecdsa_p256_sign_sha256_hash,7,node-webcrypto,Linux 7.0.0-30-generic x64,Node.js v22.22.1 (linux; x64) crypto.webcrypto.subtle,v22.22.1,n/a,n/a,32,0.09576,64,Playwright/Puppeteer not installed; used Node.js crypto.webcrypto.subtle fallback.
exp6_crypto,ecdsa_p256_sign_sha256_hash,8,node-webcrypto,Linux 7.0.0-30-generic x64,Node.js v22.22.1 (linux; x64) crypto.webcrypto.subtle,v22.22.1,n/a,n/a,32,0.098387,64,Playwright/Puppeteer not installed; used Node.js crypto.webcrypto.subtle fallback.
exp6_crypto,ecdsa_p256_sign_sha256_hash,9,node-webcrypto,Linux 7.0.0-30-generic x64,Node.js v22.22.1 (linux; x64) crypto.webcrypto.subtle,v22.22.1,n/a,n/a,32,0.25456,64,Playwright/Puppeteer not installed; used Node.js crypto.webcrypto.subtle fallback.
exp6_crypto,ecdsa_p256_sign_sha256_hash,10,node-webcrypto,Linux 7.0.0-30-generic x64,Node.js v22.22.1 (linux; x64) crypto.webcrypto.subtle,v22.22.1,n/a,n/a,32,0.114995,64,Playwright/Puppeteer not installed; used Node.js crypto.webcrypto.subtle fallback.
exp6_crypto,ecdsa_p256_verify_signature,1,node-webcrypto,Linux 7.0.0-30-generic x64,Node.js v22.22.1 (linux; x64) crypto.webcrypto.subtle,v22.22.1,n/a,n/a,96,0.503654,1,Playwright/Puppeteer not installed; used Node.js crypto.webcrypto.subtle fallback.
exp6_crypto,ecdsa_p256_verify_signature,2,node-webcrypto,Linux 7.0.0-30-generic x64,Node.js v22.22.1 (linux; x64) crypto.webcrypto.subtle,v22.22.1,n/a,n/a,96,0.181998,1,Playwright/Puppeteer not installed; used Node.js crypto.webcrypto.subtle fallback.
exp6_crypto,ecdsa_p256_verify_signature,3,node-webcrypto,Linux 7.0.0-30-generic x64,Node.js v22.22.1 (linux; x64) crypto.webcrypto.subtle,v22.22.1,n/a,n/a,96,0.164289,1,Playwright/Puppeteer not installed; used Node.js crypto.webcrypto.subtle fallback.
exp6_crypto,ecdsa_p256_verify_signature,4,node-webcrypto,Linux 7.0.0-30-generic x64,Node.js v22.22.1 (linux; x64) crypto.webcrypto.subtle,v22.22.1,n/a,n/a,96,0.155185,1,Playwright/Puppeteer not installed; used Node.js crypto.webcrypto.subtle fallback.
exp6_crypto,ecdsa_p256_verify_signature,5,node-webcrypto,Linux 7.0.0-30-generic x64,Node.js v22.22.1 (linux; x64) crypto.webcrypto.subtle,v22.22.1,n/a,n/a,96,0.154906,1,Playwright/Puppeteer not installed; used Node.js crypto.webcrypto.subtle fallback.
exp6_crypto,ecdsa_p256_verify_signature,6,node-webcrypto,Linux 7.0.0-30-generic x64,Node.js v22.22.1 (linux; x64) crypto.webcrypto.subtle,v22.22.1,n/a,n/a,96,0.140391,1,Playwright/Puppeteer not installed; used Node.js crypto.webcrypto.subtle fallback.
exp6_crypto,ecdsa_p256_verify_signature,7,node-webcrypto,Linux 7.0.0-30-generic x64,Node.js v22.22.1 (linux; x64) crypto.webcrypto.subtle,v22.22.1,n/a,n/a,96,0.135816,1,Playwright/Puppeteer not installed; used Node.js crypto.webcrypto.subtle fallback.
exp6_crypto,ecdsa_p256_verify_signature,8,node-webcrypto,Linux 7.0.0-30-generic x64,Node.js v22.22.1 (linux; x64) crypto.webcrypto.subtle,v22.22.1,n/a,n/a,96,0.266964,1,Playwright/Puppeteer not installed; used Node.js crypto.webcrypto.subtle fallback.
exp6_crypto,ecdsa_p256_verify_signature,9,node-webcrypto,Linux 7.0.0-30-generic x64,Node.js v22.22.1 (linux; x64) crypto.webcrypto.subtle,v22.22.1,n/a,n/a,96,0.246345,1,Playwright/Puppeteer not installed; used Node.js crypto.webcrypto.subtle fallback.
exp6_crypto,ecdsa_p256_verify_signature,10,node-webcrypto,Linux 7.0.0-30-generic x64,Node.js v22.22.1 (linux; x64) crypto.webcrypto.subtle,v22.22.1,n/a,n/a,96,0.184054,1,Playwright/Puppeteer not installed; used Node.js crypto.webcrypto.subtle fallback.
